{
  "protocol": "ImageNette IPC10 fixed-epoch Teacher trajectory experiment; native FP16 FKD, T20 and sd(z)-predicted temperature, Real/C1-synthetic sources",
  "teacher_seeds": [
    43,
    44
  ],
  "recovery_seeds": [
    41,
    42
  ],
  "student_seeds": [
    42,
    43
  ],
  "checkpoint_table": [
    {
      "teacher_seed": 43,
      "C": 1,
      "label": "e008",
      "training_epoch": 8,
      "epoch": 7,
      "train_accuracy": 67.11373957123244,
      "val_accuracy": 65.07006369426752,
      "sd_z": 2.5659354506840115,
      "predicted_temperature": 322.638202094838,
      "metrics_source": "selected trajectory checkpoint",
      "downstream_result_source": "selected trajectory checkpoint",
      "trajectory_final_exactly_matches_reused_checkpoint": null
    },
    {
      "teacher_seed": 43,
      "C": 1,
      "label": "e016",
      "training_epoch": 16,
      "epoch": 15,
      "train_accuracy": 82.73312915830606,
      "val_accuracy": 78.52229299363057,
      "sd_z": 3.502729452365797,
      "predicted_temperature": 440.42975930461466,
      "metrics_source": "selected trajectory checkpoint",
      "downstream_result_source": "selected trajectory checkpoint",
      "trajectory_final_exactly_matches_reused_checkpoint": null
    },
    {
      "teacher_seed": 43,
      "C": 1,
      "label": "e032",
      "training_epoch": 32,
      "epoch": 31,
      "train_accuracy": 89.97782236772626,
      "val_accuracy": 83.13375796178345,
      "sd_z": 3.9172212805016002,
      "predicted_temperature": 492.5475544646951,
      "metrics_source": "selected trajectory checkpoint",
      "downstream_result_source": "selected trajectory checkpoint",
      "trajectory_final_exactly_matches_reused_checkpoint": null
    },
    {
      "teacher_seed": 43,
      "C": 1,
      "label": "e064",
      "training_epoch": 64,
      "epoch": 63,
      "train_accuracy": 98.76438905903474,
      "val_accuracy": 88.61146496815287,
      "sd_z": 4.977783682703112,
      "predicted_temperature": 625.9016287320204,
      "metrics_source": "selected trajectory checkpoint",
      "downstream_result_source": "selected trajectory checkpoint",
      "trajectory_final_exactly_matches_reused_checkpoint": null
    },
    {
      "teacher_seed": 43,
      "C": 1,
      "label": "e100",
      "training_epoch": 100,
      "epoch": 99,
      "train_accuracy": 99.80990600908227,
      "val_accuracy": 89.65605095541402,
      "sd_z": 5.230963144572756,
      "predicted_temperature": 657.736165475018,
      "metrics_source": "selected trajectory checkpoint",
      "downstream_result_source": "selected trajectory checkpoint",
      "trajectory_final_exactly_matches_reused_checkpoint": null
    },
    {
      "teacher_seed": 43,
      "C": 1,
      "label": "e150",
      "training_epoch": 150,
      "epoch": 149,
      "train_accuracy": 97.75055444080684,
      "val_accuracy": 87.38853503184713,
      "sd_z": 5.480519434409905,
      "predicted_temperature": 689.1151281270413,
      "metrics_source": "selected trajectory checkpoint",
      "downstream_result_source": "selected trajectory checkpoint",
      "trajectory_final_exactly_matches_reused_checkpoint": null
    },
    {
      "teacher_seed": 43,
      "C": 1,
      "label": "e200",
      "training_epoch": 200,
      "epoch": 199,
      "train_accuracy": 97.06410391804837,
      "val_accuracy": 85.78343949044586,
      "sd_z": 5.68067647093345,
      "predicted_temperature": 714.2826772106989,
      "metrics_source": "selected trajectory checkpoint",
      "downstream_result_source": "selected trajectory checkpoint",
      "trajectory_final_exactly_matches_reused_checkpoint": null
    },
    {
      "teacher_seed": 43,
      "C": 1,
      "label": "e250",
      "training_epoch": 250,
      "epoch": 249,
      "train_accuracy": 99.94719611363396,
      "val_accuracy": 90.24203821656052,
      "sd_z": 6.167239211818462,
      "predicted_temperature": 775.462598117762,
      "metrics_source": "selected trajectory checkpoint",
      "downstream_result_source": "selected trajectory checkpoint",
      "trajectory_final_exactly_matches_reused_checkpoint": null
    },
    {
      "teacher_seed": 43,
      "C": 1,
      "label": "e300",
      "training_epoch": 300,
      "epoch": 299,
      "train_accuracy": 100.0,
      "val_accuracy": 91.28662420382166,
      "sd_z": 6.362384699700916,
      "predicted_temperature": 800.0,
      "metrics_source": "selected trajectory checkpoint",
      "downstream_result_source": "selected trajectory checkpoint",
      "trajectory_final_exactly_matches_reused_checkpoint": null
    },
    {
      "teacher_seed": 43,
      "C": 100,
      "label": "e008",
      "training_epoch": 8,
      "epoch": 7,
      "train_accuracy": 2.2388847819199493,
      "val_accuracy": 57.70700636942675,
      "sd_z": 1.4025484576641787,
      "predicted_temperature": 103.6595322566937,
      "metrics_source": "selected trajectory checkpoint",
      "downstream_result_source": "selected trajectory checkpoint",
      "trajectory_final_exactly_matches_reused_checkpoint": null
    },
    {
      "teacher_seed": 43,
      "C": 100,
      "label": "e016",
      "training_epoch": 16,
      "epoch": 15,
      "train_accuracy": 5.195902418417996,
      "val_accuracy": 61.70700636942675,
      "sd_z": 1.8026811652643087,
      "predicted_temperature": 133.23253494603472,
      "metrics_source": "selected trajectory checkpoint",
      "downstream_result_source": "selected trajectory checkpoint",
      "trajectory_final_exactly_matches_reused_checkpoint": null
    },
    {
      "teacher_seed": 43,
      "C": 100,
      "label": "e032",
      "training_epoch": 32,
      "epoch": 31,
      "train_accuracy": 26.739888055760904,
      "val_accuracy": 77.04458598726114,
      "sd_z": 2.084024760960824,
      "predicted_temperature": 154.02607357491542,
      "metrics_source": "selected trajectory checkpoint",
      "downstream_result_source": "selected trajectory checkpoint",
      "trajectory_final_exactly_matches_reused_checkpoint": null
    },
    {
      "teacher_seed": 43,
      "C": 100,
      "label": "e064",
      "training_epoch": 64,
      "epoch": 63,
      "train_accuracy": 88.0029570176365,
      "val_accuracy": 79.7452229299363,
      "sd_z": 2.607349920879674,
      "predicted_temperature": 192.70398234798702,
      "metrics_source": "selected trajectory checkpoint",
      "downstream_result_source": "selected trajectory checkpoint",
      "trajectory_final_exactly_matches_reused_checkpoint": null
    },
    {
      "teacher_seed": 43,
      "C": 100,
      "label": "e100",
      "training_epoch": 100,
      "epoch": 99,
      "train_accuracy": 98.91223994085965,
      "val_accuracy": 82.24203821656052,
      "sd_z": 2.7021954253904883,
      "predicted_temperature": 199.71382260021963,
      "metrics_source": "selected trajectory checkpoint",
      "downstream_result_source": "selected trajectory checkpoint",
      "trajectory_final_exactly_matches_reused_checkpoint": null
    },
    {
      "teacher_seed": 43,
      "C": 100,
      "label": "e150",
      "training_epoch": 150,
      "epoch": 149,
      "train_accuracy": 96.6733551589397,
      "val_accuracy": 79.82165605095541,
      "sd_z": 2.941535847975201,
      "predicted_temperature": 217.40299128432306,
      "metrics_source": "selected trajectory checkpoint",
      "downstream_result_source": "selected trajectory checkpoint",
      "trajectory_final_exactly_matches_reused_checkpoint": null
    },
    {
      "teacher_seed": 43,
      "C": 100,
      "label": "e200",
      "training_epoch": 200,
      "epoch": 199,
      "train_accuracy": 98.47924807265815,
      "val_accuracy": 79.49044585987261,
      "sd_z": 2.655503419783746,
      "predicted_temperature": 196.26291048743423,
      "metrics_source": "selected trajectory checkpoint",
      "downstream_result_source": "selected trajectory checkpoint",
      "trajectory_final_exactly_matches_reused_checkpoint": null
    },
    {
      "teacher_seed": 43,
      "C": 100,
      "label": "e250",
      "training_epoch": 250,
      "epoch": 249,
      "train_accuracy": 99.97887844545359,
      "val_accuracy": 79.71974522292993,
      "sd_z": 2.716617961076386,
      "predicted_temperature": 200.77976317074754,
      "metrics_source": "selected trajectory checkpoint",
      "downstream_result_source": "selected trajectory checkpoint",
      "trajectory_final_exactly_matches_reused_checkpoint": null
    },
    {
      "teacher_seed": 43,
      "C": 100,
      "label": "e300",
      "training_epoch": 300,
      "epoch": 299,
      "train_accuracy": 100.0,
      "val_accuracy": 80.68789808917198,
      "sd_z": 2.7060675021975333,
      "predicted_temperature": 200.0,
      "metrics_source": "selected trajectory checkpoint",
      "downstream_result_source": "selected trajectory checkpoint",
      "trajectory_final_exactly_matches_reused_checkpoint": null
    },
    {
      "teacher_seed": 44,
      "C": 1,
      "label": "e008",
      "training_epoch": 8,
      "epoch": 7,
      "train_accuracy": 75.50955750343225,
      "val_accuracy": 72.0,
      "sd_z": 2.2735175437796604,
      "predicted_temperature": 283.0537880214656,
      "metrics_source": "selected trajectory checkpoint",
      "downstream_result_source": "selected trajectory checkpoint",
      "trajectory_final_exactly_matches_reused_checkpoint": null
    },
    {
      "teacher_seed": 44,
      "C": 1,
      "label": "e016",
      "training_epoch": 16,
      "epoch": 15,
      "train_accuracy": 81.39191044460873,
      "val_accuracy": 76.53503184713375,
      "sd_z": 3.2231270372775604,
      "predicted_temperature": 401.28052658837765,
      "metrics_source": "selected trajectory checkpoint",
      "downstream_result_source": "selected trajectory checkpoint",
      "trajectory_final_exactly_matches_reused_checkpoint": null
    },
    {
      "teacher_seed": 44,
      "C": 1,
      "label": "e032",
      "training_epoch": 32,
      "epoch": 31,
      "train_accuracy": 84.80304150385469,
      "val_accuracy": 77.4267515923567,
      "sd_z": 4.273641503539755,
      "predicted_temperature": 532.0699721593684,
      "metrics_source": "selected trajectory checkpoint",
      "downstream_result_source": "selected trajectory checkpoint",
      "trajectory_final_exactly_matches_reused_checkpoint": null
    },
    {
      "teacher_seed": 44,
      "C": 1,
      "label": "e064",
      "training_epoch": 64,
      "epoch": 63,
      "train_accuracy": 98.1201816453691,
      "val_accuracy": 87.92356687898089,
      "sd_z": 4.919706532817117,
      "predicted_temperature": 612.5053109345151,
      "metrics_source": "selected trajectory checkpoint",
      "downstream_result_source": "selected trajectory checkpoint",
      "trajectory_final_exactly_matches_reused_checkpoint": null
    },
    {
      "teacher_seed": 44,
      "C": 1,
      "label": "e100",
      "training_epoch": 100,
      "epoch": 99,
      "train_accuracy": 99.85214911817509,
      "val_accuracy": 90.06369426751593,
      "sd_z": 5.25765280518853,
      "predicted_temperature": 654.5797487606844,
      "metrics_source": "selected trajectory checkpoint",
      "downstream_result_source": "selected trajectory checkpoint",
      "trajectory_final_exactly_matches_reused_checkpoint": null
    },
    {
      "teacher_seed": 44,
      "C": 1,
      "label": "e150",
      "training_epoch": 150,
      "epoch": 149,
      "train_accuracy": 98.05681698172985,
      "val_accuracy": 87.59235668789809,
      "sd_z": 5.573099968239829,
      "predicted_temperature": 693.8530390269451,
      "metrics_source": "selected trajectory checkpoint",
      "downstream_result_source": "selected trajectory checkpoint",
      "trajectory_final_exactly_matches_reused_checkpoint": null
    },
    {
      "teacher_seed": 44,
      "C": 1,
      "label": "e200",
      "training_epoch": 200,
      "epoch": 199,
      "train_accuracy": 98.17298553173514,
      "val_accuracy": 87.38853503184713,
      "sd_z": 5.299506226423221,
      "predicted_temperature": 659.7905154224811,
      "metrics_source": "selected trajectory checkpoint",
      "downstream_result_source": "selected trajectory checkpoint",
      "trajectory_final_exactly_matches_reused_checkpoint": null
    },
    {
      "teacher_seed": 44,
      "C": 1,
      "label": "e250",
      "training_epoch": 250,
      "epoch": 249,
      "train_accuracy": 99.83102756362868,
      "val_accuracy": 89.55414012738854,
      "sd_z": 6.363085377648059,
      "predicted_temperature": 792.2065191777714,
      "metrics_source": "selected trajectory checkpoint",
      "downstream_result_source": "selected trajectory checkpoint",
      "trajectory_final_exactly_matches_reused_checkpoint": null
    },
    {
      "teacher_seed": 44,
      "C": 1,
      "label": "e300",
      "training_epoch": 300,
      "epoch": 299,
      "train_accuracy": 100.0,
      "val_accuracy": 91.03184713375796,
      "sd_z": 6.425683428358843,
      "predicted_temperature": 800.0,
      "metrics_source": "selected trajectory checkpoint",
      "downstream_result_source": "selected trajectory checkpoint",
      "trajectory_final_exactly_matches_reused_checkpoint": null
    },
    {
      "teacher_seed": 44,
      "C": 100,
      "label": "e008",
      "training_epoch": 8,
      "epoch": 7,
      "train_accuracy": 1.9326222409969374,
      "val_accuracy": 57.78343949044586,
      "sd_z": 1.2733433941207706,
      "predicted_temperature": 95.16220115496552,
      "metrics_source": "selected trajectory checkpoint",
      "downstream_result_source": "selected trajectory checkpoint",
      "trajectory_final_exactly_matches_reused_checkpoint": null
    },
    {
      "teacher_seed": 44,
      "C": 100,
      "label": "e016",
      "training_epoch": 16,
      "epoch": 15,
      "train_accuracy": 5.998521491181751,
      "val_accuracy": 70.24203821656052,
      "sd_z": 1.7261237841463284,
      "predicted_temperature": 129.0003462724398,
      "metrics_source": "selected trajectory checkpoint",
      "downstream_result_source": "selected trajectory checkpoint",
      "trajectory_final_exactly_matches_reused_checkpoint": null
    },
    {
      "teacher_seed": 44,
      "C": 100,
      "label": "e032",
      "training_epoch": 32,
      "epoch": 31,
      "train_accuracy": 25.176893019326222,
      "val_accuracy": 76.68789808917198,
      "sd_z": 2.2307168950901644,
      "predicted_temperature": 166.71066962021447,
      "metrics_source": "selected trajectory checkpoint",
      "downstream_result_source": "selected trajectory checkpoint",
      "trajectory_final_exactly_matches_reused_checkpoint": null
    },
    {
      "teacher_seed": 44,
      "C": 100,
      "label": "e064",
      "training_epoch": 64,
      "epoch": 63,
      "train_accuracy": 88.5837997676629,
      "val_accuracy": 81.27388535031847,
      "sd_z": 2.678001369477836,
      "predicted_temperature": 200.13808230535506,
      "metrics_source": "selected trajectory checkpoint",
      "downstream_result_source": "selected trajectory checkpoint",
      "trajectory_final_exactly_matches_reused_checkpoint": null
    },
    {
      "teacher_seed": 44,
      "C": 100,
      "label": "e100",
      "training_epoch": 100,
      "epoch": 99,
      "train_accuracy": 98.65878128630267,
      "val_accuracy": 82.26751592356688,
      "sd_z": 2.715076572955129,
      "predicted_temperature": 202.90886510240534,
      "metrics_source": "selected trajectory checkpoint",
      "downstream_result_source": "selected trajectory checkpoint",
      "trajectory_final_exactly_matches_reused_checkpoint": null
    },
    {
      "teacher_seed": 44,
      "C": 100,
      "label": "e150",
      "training_epoch": 150,
      "epoch": 149,
      "train_accuracy": 95.75456753617067,
      "val_accuracy": 79.87261146496816,
      "sd_z": 2.7550477283208394,
      "predicted_temperature": 205.8960743225345,
      "metrics_source": "selected trajectory checkpoint",
      "downstream_result_source": "selected trajectory checkpoint",
      "trajectory_final_exactly_matches_reused_checkpoint": null
    },
    {
      "teacher_seed": 44,
      "C": 100,
      "label": "e200",
      "training_epoch": 200,
      "epoch": 199,
      "train_accuracy": 98.34195796810646,
      "val_accuracy": 79.03184713375796,
      "sd_z": 2.7669077719570945,
      "predicted_temperature": 206.78242427607495,
      "metrics_source": "selected trajectory checkpoint",
      "downstream_result_source": "selected trajectory checkpoint",
      "trajectory_final_exactly_matches_reused_checkpoint": null
    },
    {
      "teacher_seed": 44,
      "C": 100,
      "label": "e250",
      "training_epoch": 250,
      "epoch": 249,
      "train_accuracy": 99.96831766818038,
      "val_accuracy": 79.79617834394904,
      "sd_z": 2.821363748398462,
      "predicted_temperature": 210.85214388834157,
      "metrics_source": "selected trajectory checkpoint",
      "downstream_result_source": "selected trajectory checkpoint",
      "trajectory_final_exactly_matches_reused_checkpoint": null
    },
    {
      "teacher_seed": 44,
      "C": 100,
      "label": "e300",
      "training_epoch": 300,
      "epoch": 299,
      "train_accuracy": 100.0,
      "val_accuracy": 80.48407643312102,
      "sd_z": 2.676153722100675,
      "predicted_temperature": 200.0,
      "metrics_source": "selected trajectory checkpoint",
      "downstream_result_source": "selected trajectory checkpoint",
      "trajectory_final_exactly_matches_reused_checkpoint": null
    }
  ],
  "training_epochs": [
    8,
    16,
    32,
    64,
    100,
    150,
    200,
    250,
    300
  ],
  "arms": {
    "c1_e008_real_ref": {
      "cells": 8,
      "grand_mean": 71.60191090334753,
      "sample_sd_across_cells_descriptive": 0.3338420209954702,
      "pooled_within_teacher_recovery_student_seed_sd": 0.16238911455079896,
      "pooled_within_teacher_recovery_seed_sd_of_student_means": 0.2335939251572063,
      "teacher_seed_sd_of_recovery_student_means": 0.33778990485826277,
      "by_teacher_seed": {
        "43": {
          "mean_over_recovery_and_student_seeds": 71.84076443568917,
          "sample_sd_across_nine_cells": 0.26912870159371644,
          "recovery_seed_sd_of_student_seed_means": 0.2972551177871944,
          "by_recovery_seed": {
            "41": {
              "mean_over_student_seeds": 71.63057332615944,
              "student_seed_sample_sd": 0.19816997085794089
            },
            "42": {
              "mean_over_student_seeds": 72.0509555452189,
              "student_seed_sample_sd": 0.03603091191421942
            }
          }
        },
        "44": {
          "mean_over_recovery_and_student_seeds": 71.3630573710059,
          "sample_sd_across_nine_cells": 0.1883742830246954,
          "recovery_seed_sd_of_student_seed_means": 0.14412369232718886,
          "by_recovery_seed": {
            "41": {
              "mean_over_student_seeds": 71.2611465308317,
              "student_seed_sample_sd": 0.03603091191422947
            },
            "42": {
              "mean_over_student_seeds": 71.46496821118009,
              "student_seed_sample_sd": 0.25221639027190856
            }
          }
        }
      }
    },
    "c1_e008_real_pred": {
      "cells": 8,
      "grand_mean": 71.69745231312551,
      "sample_sd_across_cells_descriptive": 0.6192164718223591,
      "pooled_within_teacher_recovery_student_seed_sd": 0.2961611895677917,
      "pooled_within_teacher_recovery_seed_sd_of_student_means": 0.5694495506855248,
      "teacher_seed_sd_of_recovery_student_means": 0.508936712397584,
      "by_teacher_seed": {
        "43": {
          "mean_over_recovery_and_student_seeds": 72.05732491365663,
          "sample_sd_across_nine_cells": 0.5164606273379786,
          "recovery_seed_sd_of_student_seed_means": 0.4774097082838877,
          "by_recovery_seed": {
            "41": {
              "mean_over_student_seeds": 71.7197452715248,
              "student_seed_sample_sd": 0.18015455269876474
            },
            "42": {
              "mean_over_student_seeds": 72.39490455578846,
              "student_seed_sample_sd": 0.5584791999578048
            }
          }
        },
        "44": {
          "mean_over_recovery_and_student_seeds": 71.33757971259439,
          "sample_sd_across_nine_cells": 0.5315832406304879,
          "recovery_seed_sd_of_student_seed_means": 0.6485565141051207,
          "by_recovery_seed": {
            "41": {
              "mean_over_student_seeds": 70.87898100348795,
              "student_seed_sample_sd": 0.03603088442480954
            },
            "42": {
              "mean_over_student_seeds": 71.79617842170083,
              "student_seed_sample_sd": 0.07206175510492419
            }
          }
        }
      }
    },
    "c1_e008_c1_ref": {
      "cells": 8,
      "grand_mean": 70.62420391277143,
      "sample_sd_across_cells_descriptive": 0.5951727117613035,
      "pooled_within_teacher_recovery_student_seed_sd": 0.073179158066759,
      "pooled_within_teacher_recovery_seed_sd_of_student_means": 0.26261822135445995,
      "teacher_seed_sd_of_recovery_student_means": 0.7386338437152398,
      "by_teacher_seed": {
        "43": {
          "mean_over_recovery_and_student_seeds": 71.14649691247637,
          "sample_sd_across_nine_cells": 0.13238604212796792,
          "recovery_seed_sd_of_student_seed_means": 0.14412364078454531,
          "by_recovery_seed": {
            "41": {
              "mean_over_student_seeds": 71.04458610874832,
              "student_seed_sample_sd": 0.05404638505221534
            },
            "42": {
              "mean_over_student_seeds": 71.24840771620441,
              "student_seed_sample_sd": 0.09007737256231194
            }
          }
        },
        "44": {
          "mean_over_recovery_and_student_seeds": 70.1019109130665,
          "sample_sd_across_nine_cells": 0.28560805602551337,
          "recovery_seed_sd_of_student_seed_means": 0.3422937868874742,
          "by_recovery_seed": {
            "41": {
              "mean_over_student_seeds": 69.85987265520035,
              "student_seed_sample_sd": 0.07206180321139148
            },
            "42": {
              "mean_over_student_seeds": 70.34394917093266,
              "student_seed_sample_sd": 0.07206183757315383
            }
          }
        }
      }
    },
    "c1_e008_c1_pred": {
      "cells": 8,
      "grand_mean": 69.79299371075479,
      "sample_sd_across_cells_descriptive": 0.43958933310190906,
      "pooled_within_teacher_recovery_student_seed_sd": 0.23263666723568663,
      "pooled_within_teacher_recovery_seed_sd_of_student_means": 0.07980869019200067,
      "teacher_seed_sd_of_recovery_student_means": 0.5269522009983628,
      "by_teacher_seed": {
        "43": {
          "mean_over_recovery_and_student_seeds": 70.1656051854419,
          "sample_sd_across_nine_cells": 0.26882698859131443,
          "recovery_seed_sd_of_student_seed_means": 0.05404640223310656,
          "by_recovery_seed": {
            "41": {
              "mean_over_student_seeds": 70.12738860792415,
              "student_seed_sample_sd": 0.30626272034531415
            },
            "42": {
              "mean_over_student_seeds": 70.20382176295968,
              "student_seed_sample_sd": 0.34229368723835335
            }
          }
        },
        "44": {
          "mean_over_recovery_and_student_seeds": 69.42038223606767,
          "sample_sd_across_nine_cells": 0.09156625016080995,
          "recovery_seed_sd_of_student_seed_means": 0.09908501635455656,
          "by_recovery_seed": {
            "41": {
              "mean_over_student_seeds": 69.35031854908937,
              "student_seed_sample_sd": 0.07206175510492419
            },
            "42": {
              "mean_over_student_seeds": 69.49044592304594,
              "student_seed_sample_sd": 0.018015466265643442
            }
          }
        }
      }
    },
    "c1_e016_real_ref": {
      "cells": 8,
      "grand_mean": 72.58917203405102,
      "sample_sd_across_cells_descriptive": 0.7483233825623457,
      "pooled_within_teacher_recovery_student_seed_sd": 0.26857541596332074,
      "pooled_within_teacher_recovery_seed_sd_of_student_means": 0.8802031157300851,
      "teacher_seed_sd_of_recovery_student_means": 0.36481299258099525,
      "by_teacher_seed": {
        "43": {
          "mean_over_recovery_and_student_seeds": 72.33121029313203,
          "sample_sd_across_nine_cells": 0.3347839044059834,
          "recovery_seed_sd_of_student_seed_means": 0.3963400791629111,
          "by_recovery_seed": {
            "41": {
              "mean_over_student_seeds": 72.05095553549992,
              "student_seed_sample_sd": 0.036030925658924365
            },
            "42": {
              "mean_over_student_seeds": 72.61146505076414,
              "student_seed_sample_sd": 0.14412370950805997
            }
          }
        },
        "44": {
          "mean_over_recovery_and_student_seeds": 72.84713377496999,
          "sample_sd_across_nine_cells": 1.0085171173651122,
          "recovery_seed_sd_of_student_seed_means": 1.1800125387177192,
          "by_recovery_seed": {
            "41": {
              "mean_over_student_seeds": 72.01273890695754,
              "student_seed_sample_sd": 0.4503865191939562
            },
            "42": {
              "mean_over_student_seeds": 73.68152864298244,
              "student_seed_sample_sd": 0.25221643150602335
            }
          }
        }
      }
    },
    "c1_e016_real_pred": {
      "cells": 8,
      "grand_mean": 72.68471339158951,
      "sample_sd_across_cells_descriptive": 1.0177823326466813,
      "pooled_within_teacher_recovery_student_seed_sd": 0.2063930551642218,
      "pooled_within_teacher_recovery_seed_sd_of_student_means": 1.20550548760151,
      "teacher_seed_sd_of_recovery_student_means": 0.5629830905774569,
      "by_teacher_seed": {
        "43": {
          "mean_over_recovery_and_student_seeds": 72.28662423054882,
          "sample_sd_across_nine_cells": 0.2937311955679852,
          "recovery_seed_sd_of_student_seed_means": 0.3152705359463605,
          "by_recovery_seed": {
            "41": {
              "mean_over_student_seeds": 72.50955416442483,
              "student_seed_sample_sd": 0.07206184444550631
            },
            "42": {
              "mean_over_student_seeds": 72.06369429667285,
              "student_seed_sample_sd": 0.23420101334685725
            }
          }
        },
        "44": {
          "mean_over_recovery_and_student_seeds": 73.08280255263018,
          "sample_sd_across_nine_cells": 1.3813679511846313,
          "recovery_seed_sd_of_student_seed_means": 1.6754376892140166,
          "by_recovery_seed": {
            "41": {
              "mean_over_student_seeds": 71.89808920113144,
              "student_seed_sample_sd": 0.32427833780270193
            },
            "42": {
              "mean_over_student_seeds": 74.26751590412894,
              "student_seed_sample_sd": 0.07206183757315383
            }
          }
        }
      }
    },
    "c1_e016_c1_ref": {
      "cells": 8,
      "grand_mean": 70.41082809837002,
      "sample_sd_across_cells_descriptive": 1.0893821137540665,
      "pooled_within_teacher_recovery_student_seed_sd": 0.272772149753102,
      "pooled_within_teacher_recovery_seed_sd_of_student_means": 0.7160153771461178,
      "teacher_seed_sd_of_recovery_student_means": 1.2205473223526013,
      "by_teacher_seed": {
        "43": {
          "mean_over_recovery_and_student_seeds": 71.27388538676462,
          "sample_sd_across_nine_cells": 0.5350318691171513,
          "recovery_seed_sd_of_student_seed_means": 0.5945101909040876,
          "by_recovery_seed": {
            "41": {
              "mean_over_student_seeds": 71.69426757423741,
              "student_seed_sample_sd": 0.3242782690791872
            },
            "42": {
              "mean_over_student_seeds": 70.85350319929184,
              "student_seed_sample_sd": 0.216185505847099
            }
          }
        },
        "44": {
          "mean_over_recovery_and_student_seeds": 69.5477708099754,
          "sample_sd_across_nine_cells": 0.7046401826581419,
          "recovery_seed_sd_of_student_seed_means": 0.8197034058307798,
          "by_recovery_seed": {
            "41": {
              "mean_over_student_seeds": 70.12738864680006,
              "student_seed_sample_sd": 0.12610818139125435
            },
            "42": {
              "mean_over_student_seeds": 68.96815297315075,
              "student_seed_sample_sd": 0.36030922909987395
            }
          }
        }
      }
    },
    "c1_e016_c1_pred": {
      "cells": 8,
      "grand_mean": 69.7738853916241,
      "sample_sd_across_cells_descriptive": 0.7409136411067992,
      "pooled_within_teacher_recovery_student_seed_sd": 0.39685162577942595,
      "pooled_within_teacher_recovery_seed_sd_of_student_means": 0.5388474696268605,
      "teacher_seed_sd_of_recovery_student_means": 0.7161145040108455,
      "by_teacher_seed": {
        "43": {
          "mean_over_recovery_and_student_seeds": 70.28025481351622,
          "sample_sd_across_nine_cells": 0.6393161658009191,
          "recovery_seed_sd_of_student_seed_means": 0.6665719597537167,
          "by_recovery_seed": {
            "41": {
              "mean_over_student_seeds": 70.75159236640687,
              "student_seed_sample_sd": 0.2882473502926053
            },
            "42": {
              "mean_over_student_seeds": 69.80891726062555,
              "student_seed_sample_sd": 0.5044329386079339
            }
          }
        },
        "44": {
          "mean_over_recovery_and_student_seeds": 69.267515969732,
          "sample_sd_across_nine_cells": 0.4340567374837114,
          "recovery_seed_sd_of_student_seed_means": 0.3693169553603382,
          "by_recovery_seed": {
            "41": {
              "mean_over_student_seeds": 69.52866249327447,
              "student_seed_sample_sd": 0.46840201982136204
            },
            "42": {
              "mean_over_student_seeds": 69.00636944618954,
              "student_seed_sample_sd": 0.2702318908993143
            }
          }
        }
      }
    },
    "c1_e032_real_ref": {
      "cells": 8,
      "grand_mean": 72.26114657213733,
      "sample_sd_across_cells_descriptive": 1.1997925027226886,
      "pooled_within_teacher_recovery_student_seed_sd": 1.0939108092197243,
      "pooled_within_teacher_recovery_seed_sd_of_student_means": 1.1239827767189479,
      "teacher_seed_sd_of_recovery_student_means": 0.24320864683056312,
      "by_teacher_seed": {
        "43": {
          "mean_over_recovery_and_student_seeds": 72.43312105555442,
          "sample_sd_across_nine_cells": 0.9799262072464503,
          "recovery_seed_sd_of_student_seed_means": 0.4864174276719994,
          "by_recovery_seed": {
            "41": {
              "mean_over_student_seeds": 72.77707011714861,
              "student_seed_sample_sd": 1.4952831640046516
            },
            "42": {
              "mean_over_student_seeds": 72.08917199396024,
              "student_seed_sample_sd": 0.41435557979032694
            }
          }
        },
        "44": {
          "mean_over_recovery_and_student_seeds": 72.08917208872023,
          "sample_sd_across_nine_cells": 1.5230612209854595,
          "recovery_seed_sd_of_student_seed_means": 1.513298599344699,
          "by_recovery_seed": {
            "41": {
              "mean_over_student_seeds": 71.0191083871635,
              "student_seed_sample_sd": 0.5945101187443868
            },
            "42": {
              "mean_over_student_seeds": 73.15923579027698,
              "student_seed_sample_sd": 1.423221298942088
            }
          }
        }
      }
    },
    "c1_e032_real_pred": {
      "cells": 8,
      "grand_mean": 72.75796185025743,
      "sample_sd_across_cells_descriptive": 1.0264295825448682,
      "pooled_within_teacher_recovery_student_seed_sd": 0.6193755422256979,
      "pooled_within_teacher_recovery_seed_sd_of_student_means": 1.0938366640193398,
      "teacher_seed_sd_of_recovery_student_means": 0.5134405944267854,
      "by_teacher_seed": {
        "43": {
          "mean_over_recovery_and_student_seeds": 73.12101917631307,
          "sample_sd_across_nine_cells": 0.33478395593373955,
          "recovery_seed_sd_of_student_seed_means": 0.3963401616311608,
          "by_recovery_seed": {
            "41": {
              "mean_over_student_seeds": 73.40127399225904,
              "student_seed_sample_sd": 0.03603096002068672
            },
            "42": {
              "mean_over_student_seeds": 72.8407643603671,
              "student_seed_sample_sd": 0.14412360642277292
            }
          }
        },
        "44": {
          "mean_over_recovery_and_student_seeds": 72.3949045242018,
          "sample_sd_across_nine_cells": 1.412347684765731,
          "recovery_seed_sd_of_student_seed_means": 1.4952831743131805,
          "by_recovery_seed": {
            "41": {
              "mean_over_student_seeds": 71.3375796518508,
              "student_seed_sample_sd": 1.225051163147698
            },
            "42": {
              "mean_over_student_seeds": 73.4522293965528,
              "student_seed_sample_sd": 0.10809279759384056
            }
          }
        }
      }
    },
    "c1_e032_c1_ref": {
      "cells": 8,
      "grand_mean": 69.49363064492584,
      "sample_sd_across_cells_descriptive": 0.37194394523224317,
      "pooled_within_teacher_recovery_student_seed_sd": 0.2739593735820744,
      "pooled_within_teacher_recovery_seed_sd_of_student_means": 0.14313503809045494,
      "teacher_seed_sd_of_recovery_student_means": 0.3828284794636861,
      "by_teacher_seed": {
        "43": {
          "mean_over_recovery_and_student_seeds": 69.76433125878594,
          "sample_sd_across_nine_cells": 0.14910441594400478,
          "recovery_seed_sd_of_student_seed_means": 0.17114682300212428,
          "by_recovery_seed": {
            "41": {
              "mean_over_student_seeds": 69.88535033790929,
              "student_seed_sample_sd": 0.07206183757314379
            },
            "42": {
              "mean_over_student_seeds": 69.64331217966262,
              "student_seed_sample_sd": 0.05404629571163321
            }
          }
        },
        "44": {
          "mean_over_recovery_and_student_seeds": 69.22293003106573,
          "sample_sd_across_nine_cells": 0.32427823929898325,
          "recovery_seed_sd_of_student_seed_means": 0.1080927529235495,
          "by_recovery_seed": {
            "41": {
              "mean_over_student_seeds": 69.2993631496551,
              "student_seed_sample_sd": 0.43237099107714055
            },
            "42": {
              "mean_over_student_seeds": 69.14649691247637,
              "student_seed_sample_sd": 0.3242782278450624
            }
          }
        }
      }
    },
    "c1_e032_c1_pred": {
      "cells": 8,
      "grand_mean": 68.83757966885901,
      "sample_sd_across_cells_descriptive": 0.7629271363956777,
      "pooled_within_teacher_recovery_student_seed_sd": 0.69814264172609,
      "pooled_within_teacher_recovery_seed_sd_of_student_means": 0.32358943263309803,
      "teacher_seed_sd_of_recovery_student_means": 0.6530604167513896,
      "by_teacher_seed": {
        "43": {
          "mean_over_recovery_and_student_seeds": 69.29936311806843,
          "sample_sd_across_nine_cells": 0.6089829004607855,
          "recovery_seed_sd_of_student_seed_means": 0.27023190808019554,
          "by_recovery_seed": {
            "41": {
              "mean_over_student_seeds": 69.49044593276491,
              "student_seed_sample_sd": 0.9548192722483735
            },
            "42": {
              "mean_over_student_seeds": 69.10828030337194,
              "student_seed_sample_sd": 0.23420099960215232
            }
          }
        },
        "44": {
          "mean_over_recovery_and_student_seeds": 68.37579621964959,
          "sample_sd_across_nine_cells": 0.6470117354091521,
          "recovery_seed_sd_of_student_seed_means": 0.369316879764461,
          "by_recovery_seed": {
            "41": {
              "mean_over_student_seeds": 68.6369426897377,
              "student_seed_sample_sd": 0.03603092565893441
            },
            "42": {
              "mean_over_student_seeds": 68.11464974956148,
              "student_seed_sample_sd": 0.9908503490990622
            }
          }
        }
      }
    },
    "c1_e064_real_ref": {
      "cells": 8,
      "grand_mean": 69.62420388422194,
      "sample_sd_across_cells_descriptive": 1.5016571404099028,
      "pooled_within_teacher_recovery_student_seed_sd": 0.8650234902787858,
      "pooled_within_teacher_recovery_seed_sd_of_student_means": 1.2497393358355664,
      "teacher_seed_sd_of_recovery_student_means": 1.2790976298090988,
      "by_teacher_seed": {
        "43": {
          "mean_over_recovery_and_student_seeds": 68.71974527638429,
          "sample_sd_across_nine_cells": 1.0859950541965515,
          "recovery_seed_sd_of_student_seed_means": 0.9277961724990241,
          "by_recovery_seed": {
            "41": {
              "mean_over_student_seeds": 68.06369431125131,
              "student_seed_sample_sd": 1.0629121385657487
            },
            "42": {
              "mean_over_student_seeds": 69.37579624151728,
              "student_seed_sample_sd": 0.8287110977294816
            }
          }
        },
        "44": {
          "mean_over_recovery_and_student_seeds": 70.5286624920596,
          "sample_sd_across_nine_cells": 1.3786829961787441,
          "recovery_seed_sd_of_student_seed_means": 1.5042908885470279,
          "by_recovery_seed": {
            "41": {
              "mean_over_student_seeds": 69.46496820389086,
              "student_seed_sample_sd": 0.810695641772367
            },
            "42": {
              "mean_over_student_seeds": 71.59235678022834,
              "student_seed_sample_sd": 0.7206183688591657
            }
          }
        }
      }
    },
    "c1_e064_real_pred": {
      "cells": 8,
      "grand_mean": 71.52866246472499,
      "sample_sd_across_cells_descriptive": 1.37404262395378,
      "pooled_within_teacher_recovery_student_seed_sd": 0.8653986409658766,
      "pooled_within_teacher_recovery_seed_sd_of_student_means": 1.5167796993524476,
      "teacher_seed_sd_of_recovery_student_means": 0.5044328673072771,
      "by_teacher_seed": {
        "43": {
          "mean_over_recovery_and_student_seeds": 71.17197456359864,
          "sample_sd_across_nine_cells": 0.9281022156146703,
          "recovery_seed_sd_of_student_seed_means": 0.07206179290286277,
          "by_recovery_seed": {
            "41": {
              "mean_over_student_seeds": 71.12101918117256,
              "student_seed_sample_sd": 0.9187884359300312
            },
            "42": {
              "mean_over_student_seeds": 71.2229299460247,
              "student_seed_sample_sd": 1.3151285769441245
            }
          }
        },
        "44": {
          "mean_over_recovery_and_student_seeds": 71.88535036585134,
          "sample_sd_across_nine_cells": 1.7901602059337751,
          "recovery_seed_sd_of_student_seed_means": 2.143839642029932,
          "by_recovery_seed": {
            "41": {
              "mean_over_student_seeds": 70.36942681719543,
              "student_seed_sample_sd": 0.3603091638125255
            },
            "42": {
              "mean_over_student_seeds": 73.40127391450724,
              "student_seed_sample_sd": 0.5404638505221533
            }
          }
        }
      }
    },
    "c1_e064_c1_ref": {
      "cells": 8,
      "grand_mean": 67.65286630885616,
      "sample_sd_across_cells_descriptive": 1.796129914001103,
      "pooled_within_teacher_recovery_student_seed_sd": 0.5521231239163472,
      "pooled_within_teacher_recovery_seed_sd_of_student_means": 0.4992996709886432,
      "teacher_seed_sd_of_recovery_student_means": 2.2564362529294595,
      "by_teacher_seed": {
        "43": {
          "mean_over_recovery_and_student_seeds": 66.05732493309458,
          "sample_sd_across_nine_cells": 0.6500144752973164,
          "recovery_seed_sd_of_student_seed_means": 0.3513014031902989,
          "by_recovery_seed": {
            "41": {
              "mean_over_student_seeds": 65.80891732865837,
              "student_seed_sample_sd": 0.8647420440054634
            },
            "42": {
              "mean_over_student_seeds": 66.30573253753079,
              "student_seed_sample_sd": 0.522448370511815
            }
          }
        },
        "44": {
          "mean_over_recovery_and_student_seeds": 69.24840768461775,
          "sample_sd_across_nine_cells": 0.5624363570994529,
          "recovery_seed_sd_of_student_seed_means": 0.6125256296803112,
          "by_recovery_seed": {
            "41": {
              "mean_over_student_seeds": 69.68152871101525,
              "student_seed_sample_sd": 0.1080927151256109
            },
            "42": {
              "mean_over_student_seeds": 68.81528665822023,
              "student_seed_sample_sd": 0.4323709498430257
            }
          }
        }
      }
    },
    "c1_e064_c1_pred": {
      "cells": 8,
      "grand_mean": 68.18789815841967,
      "sample_sd_across_cells_descriptive": 1.7868646272218098,
      "pooled_within_teacher_recovery_student_seed_sd": 0.46657950481907307,
      "pooled_within_teacher_recovery_seed_sd_of_student_means": 0.4435334909655154,
      "teacher_seed_sd_of_recovery_student_means": 2.2744517363759638,
      "by_teacher_seed": {
        "43": {
          "mean_over_recovery_and_student_seeds": 66.5796179121467,
          "sample_sd_across_nine_cells": 0.5122539470702189,
          "recovery_seed_sd_of_student_seed_means": 0.13511594544965716,
          "by_recovery_seed": {
            "41": {
              "mean_over_student_seeds": 66.67515931342058,
              "student_seed_sample_sd": 0.8647419684095862
            },
            "42": {
              "mean_over_student_seeds": 66.48407651087281,
              "student_seed_sample_sd": 0.05404636443515792
            }
          }
        },
        "44": {
          "mean_over_recovery_and_student_seeds": 69.79617840469263,
          "sample_sd_across_nine_cells": 0.5386592147279577,
          "recovery_seed_sd_of_student_seed_means": 0.6125255884461964,
          "by_recovery_seed": {
            "41": {
              "mean_over_student_seeds": 70.22929940193322,
              "student_seed_sample_sd": 0.30626289215412594
            },
            "42": {
              "mean_over_student_seeds": 69.36305740745205,
              "student_seed_sample_sd": 0.16213912766723612
            }
          }
        }
      }
    },
    "c1_e100_real_ref": {
      "cells": 8,
      "grand_mean": 69.46178352696121,
      "sample_sd_across_cells_descriptive": 0.9834467756423149,
      "pooled_within_teacher_recovery_student_seed_sd": 0.4909832255918009,
      "pooled_within_teacher_recovery_seed_sd_of_student_means": 1.2010549981389074,
      "teacher_seed_sd_of_recovery_student_means": 0.0945811532243144,
      "by_teacher_seed": {
        "43": {
          "mean_over_recovery_and_student_seeds": 69.39490455214386,
          "sample_sd_across_nine_cells": 0.4473133874457822,
          "recovery_seed_sd_of_student_seed_means": 0.2792396738566965,
          "by_recovery_seed": {
            "41": {
              "mean_over_student_seeds": 69.59235681910424,
              "student_seed_sample_sd": 0.630541071892721
            },
            "42": {
              "mean_over_student_seeds": 69.19745228518346,
              "student_seed_sample_sd": 0.2161854886662178
            }
          }
        },
        "44": {
          "mean_over_recovery_and_student_seeds": 69.52866250177857,
          "sample_sd_across_nine_cells": 1.4299327193616753,
          "recovery_seed_sd_of_student_seed_means": 1.675437680623576,
          "by_recovery_seed": {
            "41": {
              "mean_over_student_seeds": 68.34394915635418,
              "student_seed_sample_sd": 0.16213910017782623
            },
            "42": {
              "mean_over_student_seeds": 70.71337584720297,
              "student_seed_sample_sd": 0.7026028854126412
            }
          }
        }
      }
    },
    "c1_e100_real_pred": {
      "cells": 8,
      "grand_mean": 71.47133761667142,
      "sample_sd_across_cells_descriptive": 0.8259932099225089,
      "pooled_within_teacher_recovery_student_seed_sd": 0.5545426930753209,
      "pooled_within_teacher_recovery_seed_sd_of_student_means": 0.9399599795852456,
      "teacher_seed_sd_of_recovery_student_means": 0.05404635326759521,
      "by_teacher_seed": {
        "43": {
          "mean_over_recovery_and_student_seeds": 71.4331210737775,
          "sample_sd_across_nine_cells": 0.4115393008621779,
          "recovery_seed_sd_of_student_seed_means": 0.11710051870004043,
          "by_recovery_seed": {
            "41": {
              "mean_over_student_seeds": 71.51592364463076,
              "student_seed_sample_sd": 0.2882474327608349
            },
            "42": {
              "mean_over_student_seeds": 71.35031850292424,
              "student_seed_sample_sd": 0.6305411509247744
            }
          }
        },
        "44": {
          "mean_over_recovery_and_student_seeds": 71.50955415956534,
          "sample_sd_across_nine_cells": 1.1910885299028138,
          "recovery_seed_sd_of_student_seed_means": 1.32413632038547,
          "by_recovery_seed": {
            "41": {
              "mean_over_student_seeds": 70.57324838820537,
              "student_seed_sample_sd": 0.18015459393287958
            },
            "42": {
              "mean_over_student_seeds": 72.44585993092531,
              "student_seed_sample_sd": 0.8467266327186398
            }
          }
        }
      }
    },
    "c1_e100_c1_ref": {
      "cells": 8,
      "grand_mean": 67.15605105260376,
      "sample_sd_across_cells_descriptive": 1.6452612560660262,
      "pooled_within_teacher_recovery_student_seed_sd": 0.9629005698006606,
      "pooled_within_teacher_recovery_seed_sd_of_student_means": 1.106613415211932,
      "teacher_seed_sd_of_recovery_student_means": 1.6078797508509353,
      "by_teacher_seed": {
        "43": {
          "mean_over_recovery_and_student_seeds": 66.01910837744452,
          "sample_sd_across_nine_cells": 1.2795415615361578,
          "recovery_seed_sd_of_student_seed_means": 1.5583372169023353,
          "by_recovery_seed": {
            "41": {
              "mean_over_student_seeds": 67.12101919089153,
              "student_seed_sample_sd": 0.23420089651686524
            },
            "42": {
              "mean_over_student_seeds": 64.9171975639975,
              "student_seed_sample_sd": 3.4361762355306813e-08
            }
          }
        },
        "44": {
          "mean_over_recovery_and_student_seeds": 68.29299372776299,
          "sample_sd_across_nine_cells": 1.1098653385437771,
          "recovery_seed_sd_of_student_seed_means": 0.14412362703983034,
          "by_recovery_seed": {
            "41": {
              "mean_over_student_seeds": 68.19108293375392,
              "student_seed_sample_sd": 1.3151285288376573
            },
            "42": {
              "mean_over_student_seeds": 68.39490452177205,
              "student_seed_sample_sd": 1.3871902976872865
            }
          }
        }
      }
    },
    "c1_e100_c1_pred": {
      "cells": 8,
      "grand_mean": 67.26114653629861,
      "sample_sd_across_cells_descriptive": 1.4798390493154316,
      "pooled_within_teacher_recovery_student_seed_sd": 0.8965293070747798,
      "pooled_within_teacher_recovery_seed_sd_of_student_means": 0.2618446483501527,
      "teacher_seed_sd_of_recovery_student_means": 1.7204763591733305,
      "by_teacher_seed": {
        "43": {
          "mean_over_recovery_and_student_seeds": 66.04458603585601,
          "sample_sd_across_nine_cells": 1.0033548590304306,
          "recovery_seed_sd_of_student_seed_means": 0.24320872242645036,
          "by_recovery_seed": {
            "41": {
              "mean_over_student_seeds": 66.21656057272747,
              "student_seed_sample_sd": 1.6213913110341438
            },
            "42": {
              "mean_over_student_seeds": 65.87261149898455,
              "student_seed_sample_sd": 0.5224482468094805
            }
          }
        },
        "44": {
          "mean_over_recovery_and_student_seeds": 68.47770703674122,
          "sample_sd_across_nine_cells": 0.3954519582429173,
          "recovery_seed_sd_of_student_seed_means": 0.27923960513316176,
          "by_recovery_seed": {
            "41": {
              "mean_over_student_seeds": 68.67515925510673,
              "student_seed_sample_sd": 0.3062627959411913
            },
            "42": {
              "mean_over_student_seeds": 68.28025481837571,
              "student_seed_sample_sd": 0.46840189955518374
            }
          }
        }
      }
    },
    "c1_e150_real_ref": {
      "cells": 8,
      "grand_mean": 68.13057329639507,
      "sample_sd_across_cells_descriptive": 1.3545652314504164,
      "pooled_within_teacher_recovery_student_seed_sd": 0.564763820103347,
      "pooled_within_teacher_recovery_seed_sd_of_student_means": 1.237456825646279,
      "teacher_seed_sd_of_recovery_student_means": 1.1665010171914934,
      "by_teacher_seed": {
        "43": {
          "mean_over_recovery_and_student_seeds": 67.30573251687797,
          "sample_sd_across_nine_cells": 0.6638479146027593,
          "recovery_seed_sd_of_student_seed_means": 0.44137882901334247,
          "by_recovery_seed": {
            "41": {
              "mean_over_student_seeds": 66.99363055381046,
              "student_seed_sample_sd": 0.9548193478442507
            },
            "42": {
              "mean_over_student_seeds": 67.61783447994549,
              "student_seed_sample_sd": 0.1441236717101214
            }
          }
        },
        "44": {
          "mean_over_recovery_and_student_seeds": 68.95541407591219,
          "sample_sd_across_nine_cells": 1.4234872801419596,
          "recovery_seed_sd_of_student_seed_means": 1.6934531348625925,
          "by_recovery_seed": {
            "41": {
              "mean_over_student_seeds": 67.75796188062922,
              "student_seed_sample_sd": 0.414355566045622
            },
            "42": {
              "mean_over_student_seeds": 70.15286627119514,
              "student_seed_sample_sd": 0.414355566045622
            }
          }
        }
      }
    },
    "c1_e150_real_pred": {
      "cells": 8,
      "grand_mean": 69.91082807710976,
      "sample_sd_across_cells_descriptive": 1.6979374101717695,
      "pooled_within_teacher_recovery_student_seed_sd": 1.1568534378967013,
      "pooled_within_teacher_recovery_seed_sd_of_student_means": 0.4033411792119215,
      "teacher_seed_sd_of_recovery_student_means": 1.8826154816862921,
      "by_teacher_seed": {
        "43": {
          "mean_over_recovery_and_student_seeds": 68.5796179036426,
          "sample_sd_across_nine_cells": 1.1502415925835394,
          "recovery_seed_sd_of_student_seed_means": 0.15313142717809367,
          "by_recovery_seed": {
            "41": {
              "mean_over_student_seeds": 68.68789817421299,
              "student_seed_sample_sd": 1.6934532001499412
            },
            "42": {
              "mean_over_student_seeds": 68.47133763307218,
              "student_seed_sample_sd": 1.026881178545052
            }
          }
        },
        "44": {
          "mean_over_recovery_and_student_seeds": 71.24203825057691,
          "sample_sd_across_nine_cells": 0.8235712417187658,
          "recovery_seed_sd_of_student_seed_means": 0.5494715458570415,
          "by_recovery_seed": {
            "41": {
              "mean_over_student_seeds": 70.85350319443235,
              "student_seed_sample_sd": 0.7206184169656331
            },
            "42": {
              "mean_over_student_seeds": 71.63057330672149,
              "student_seed_sample_sd": 0.9548193066101358
            }
          }
        }
      }
    },
    "c1_e150_c1_ref": {
      "cells": 8,
      "grand_mean": 65.32484082446736,
      "sample_sd_across_cells_descriptive": 2.384427182124359,
      "pooled_within_teacher_recovery_student_seed_sd": 0.6526720144175786,
      "pooled_within_teacher_recovery_seed_sd_of_student_means": 0.555638966659857,
      "teacher_seed_sd_of_recovery_student_means": 3.0356049326812786,
      "by_teacher_seed": {
        "43": {
          "mean_over_recovery_and_student_seeds": 63.1783439915651,
          "sample_sd_across_nine_cells": 0.7853789827967012,
          "recovery_seed_sd_of_student_seed_means": 0.3693169261528402,
          "by_recovery_seed": {
            "41": {
              "mean_over_student_seeds": 62.917197488675455,
              "student_seed_sample_sd": 1.2430666809559798
            },
            "42": {
              "mean_over_student_seeds": 63.439490494454745,
              "student_seed_sample_sd": 0.1801546076775795
            }
          }
        },
        "44": {
          "mean_over_recovery_and_student_seeds": 67.47133765736963,
          "sample_sd_across_nine_cells": 0.6023291566473649,
          "recovery_seed_sd_of_student_seed_means": 0.6935952210033492,
          "by_recovery_seed": {
            "41": {
              "mean_over_student_seeds": 66.98089177319957,
              "student_seed_sample_sd": 0.1801546282946419
            },
            "42": {
              "mean_over_student_seeds": 67.96178354153967,
              "student_seed_sample_sd": 0.30626277532413393
            }
          }
        }
      }
    },
    "c1_e150_c1_pred": {
      "cells": 8,
      "grand_mean": 65.6592357143475,
      "sample_sd_across_cells_descriptive": 2.30989375631346,
      "pooled_within_teacher_recovery_student_seed_sd": 0.5454698996855765,
      "pooled_within_teacher_recovery_seed_sd_of_student_means": 0.8081143354236657,
      "teacher_seed_sd_of_recovery_student_means": 2.8959851258194726,
      "by_teacher_seed": {
        "43": {
          "mean_over_recovery_and_student_seeds": 63.61146499366517,
          "sample_sd_across_nine_cells": 0.8777492106431781,
          "recovery_seed_sd_of_student_seed_means": 1.0719198184378338,
          "by_recovery_seed": {
            "41": {
              "mean_over_student_seeds": 64.36942676617082,
              "student_seed_sample_sd": 0.09007734507291211
            },
            "42": {
              "mean_over_student_seeds": 62.85350322115953,
              "student_seed_sample_sd": 0.0720618341369776
            }
          }
        },
        "44": {
          "mean_over_recovery_and_student_seeds": 67.70700643502983,
          "sample_sd_across_nine_cells": 0.7049855156825868,
          "recovery_seed_sd_of_student_seed_means": 0.39634008259910747,
          "by_recovery_seed": {
            "41": {
              "mean_over_student_seeds": 67.42675167496796,
              "student_seed_sample_sd": 0.630541085637426
            },
            "42": {
              "mean_over_student_seeds": 67.98726119509169,
              "student_seed_sample_sd": 0.8827574690369819
            }
          }
        }
      }
    },
    "c1_e200_real_ref": {
      "cells": 8,
      "grand_mean": 68.17197459397042,
      "sample_sd_across_cells_descriptive": 1.5638503970310964,
      "pooled_within_teacher_recovery_student_seed_sd": 0.34489134477033406,
      "pooled_within_teacher_recovery_seed_sd_of_student_means": 1.6949139133315378,
      "teacher_seed_sd_of_recovery_student_means": 1.1349739641122758,
      "by_teacher_seed": {
        "43": {
          "mean_over_recovery_and_student_seeds": 68.97452238046439,
          "sample_sd_across_nine_cells": 0.9168140189446652,
          "recovery_seed_sd_of_student_seed_means": 1.0899352864215555,
          "by_recovery_seed": {
            "41": {
              "mean_over_student_seeds": 69.74522301254758,
              "student_seed_sample_sd": 0.12610814015712946
            },
            "42": {
              "mean_over_student_seeds": 68.20382174838122,
              "student_seed_sample_sd": 0.3603091947381015
            }
          }
        },
        "44": {
          "mean_over_recovery_and_student_seeds": 67.36942680747646,
          "sample_sd_across_nine_cells": 1.7743627041099235,
          "recovery_seed_sd_of_student_seed_means": 2.1348319415407895,
          "by_recovery_seed": {
            "41": {
              "mean_over_student_seeds": 65.85987266491932,
              "student_seed_sample_sd": 0.4323709773324356
            },
            "42": {
              "mean_over_student_seeds": 68.8789809500336,
              "student_seed_sample_sd": 0.3783246197696402
            }
          }
        }
      }
    },
    "c1_e200_real_pred": {
      "cells": 8,
      "grand_mean": 69.84076441625122,
      "sample_sd_across_cells_descriptive": 1.0136111987095455,
      "pooled_within_teacher_recovery_student_seed_sd": 0.464575393025996,
      "pooled_within_teacher_recovery_seed_sd_of_student_means": 1.1225380467617951,
      "teacher_seed_sd_of_recovery_student_means": 0.5674869571438551,
      "by_teacher_seed": {
        "43": {
          "mean_over_recovery_and_student_seeds": 70.24203829188255,
          "sample_sd_across_nine_cells": 0.4176065090282219,
          "recovery_seed_sd_of_student_seed_means": 0.252216455559267,
          "by_recovery_seed": {
            "41": {
              "mean_over_student_seeds": 70.42038225793536,
              "student_seed_sample_sd": 0.612525626244135
            },
            "42": {
              "mean_over_student_seeds": 70.06369432582977,
              "student_seed_sample_sd": 0.14412378510393717
            }
          }
        },
        "44": {
          "mean_over_recovery_and_student_seeds": 69.43949054061987,
          "sample_sd_across_nine_cells": 1.3392164699037017,
          "recovery_seed_sd_of_student_seed_means": 1.567344950035152,
          "by_recovery_seed": {
            "41": {
              "mean_over_student_seeds": 68.33121029799152,
              "student_seed_sample_sd": 0.21618555395356628
            },
            "42": {
              "mean_over_student_seeds": 70.54777078324821,
              "student_seed_sample_sd": 0.6485566137542417
            }
          }
        }
      }
    },
    "c1_e200_c1_ref": {
      "cells": 8,
      "grand_mean": 64.93949050113653,
      "sample_sd_across_cells_descriptive": 0.30495427757587035,
      "pooled_within_teacher_recovery_student_seed_sd": 0.34264912391556085,
      "pooled_within_teacher_recovery_seed_sd_of_student_means": 0.14313505814712318,
      "teacher_seed_sd_of_recovery_student_means": 0.1576352688322243,
      "by_teacher_seed": {
        "43": {
          "mean_over_recovery_and_student_seeds": 65.05095546868196,
          "sample_sd_across_nine_cells": 0.30740871218903454,
          "recovery_seed_sd_of_student_seed_means": 0.18916230816673701,
          "by_recovery_seed": {
            "41": {
              "mean_over_student_seeds": 64.91719751783236,
              "student_seed_sample_sd": 0.3963401307055647
            },
            "42": {
              "mean_over_student_seeds": 65.18471341953156,
              "student_seed_sample_sd": 0.23420096524038997
            }
          }
        },
        "44": {
          "mean_over_recovery_and_student_seeds": 64.8280255335911,
          "sample_sd_across_nine_cells": 0.29893361524723977,
          "recovery_seed_sd_of_student_seed_means": 0.07206185475404507,
          "by_recovery_seed": {
            "41": {
              "mean_over_student_seeds": 64.87898095975257,
              "student_seed_sample_sd": 0.4503864848321939
            },
            "42": {
              "mean_over_student_seeds": 64.77707010742964,
              "student_seed_sample_sd": 0.23420100647450479
            }
          }
        }
      }
    },
    "c1_e200_c1_pred": {
      "cells": 8,
      "grand_mean": 66.29936313386176,
      "sample_sd_across_cells_descriptive": 1.1677535828548296,
      "pooled_within_teacher_recovery_student_seed_sd": 1.371247469255747,
      "pooled_within_teacher_recovery_seed_sd_of_student_means": 0.6966301032554403,
      "teacher_seed_sd_of_recovery_student_means": 0.14412366311969085,
      "by_teacher_seed": {
        "43": {
          "mean_over_recovery_and_student_seeds": 66.40127395338314,
          "sample_sd_across_nine_cells": 1.5553751990081839,
          "recovery_seed_sd_of_student_seed_means": 0.08106960850389908,
          "by_recovery_seed": {
            "41": {
              "mean_over_student_seeds": 66.45859882330438,
              "student_seed_sample_sd": 1.603375886002615
            },
            "42": {
              "mean_over_student_seeds": 66.3439490834619,
              "student_seed_sample_sd": 2.161855044726315
            }
          }
        },
        "44": {
          "mean_over_recovery_and_student_seeds": 66.19745231434038,
          "sample_sd_across_nine_cells": 0.8572973933119992,
          "recovery_seed_sd_of_student_seed_means": 0.9818425128809585,
          "by_recovery_seed": {
            "41": {
              "mean_over_student_seeds": 65.50318481542502,
              "student_seed_sample_sd": 0.3242783034409496
            },
            "42": {
              "mean_over_student_seeds": 66.89171981325575,
              "student_seed_sample_sd": 0.41435564851385165
            }
          }
        }
      }
    },
    "c1_e250_real_ref": {
      "cells": 8,
      "grand_mean": 66.8694268335962,
      "sample_sd_across_cells_descriptive": 1.1741829391965266,
      "pooled_within_teacher_recovery_student_seed_sd": 0.511540711573598,
      "pooled_within_teacher_recovery_seed_sd_of_student_means": 1.4666426187718677,
      "teacher_seed_sd_of_recovery_student_means": 0.004503879452069232,
      "by_teacher_seed": {
        "43": {
          "mean_over_recovery_and_student_seeds": 66.8726115572984,
          "sample_sd_across_nine_cells": 0.7905961218532109,
          "recovery_seed_sd_of_student_seed_means": 0.7656570035976833,
          "by_recovery_seed": {
            "41": {
              "mean_over_student_seeds": 66.3312102979915,
              "student_seed_sample_sd": 0.12610817451890186
            },
            "42": {
              "mean_over_student_seeds": 67.4140128166053,
              "student_seed_sample_sd": 0.8287111183465391
            }
          }
        },
        "44": {
          "mean_over_recovery_and_student_seeds": 66.86624210989399,
          "sample_sd_across_nine_cells": 1.6099411168852185,
          "recovery_seed_sd_of_student_seed_means": 1.9276541430551855,
          "by_recovery_seed": {
            "41": {
              "mean_over_student_seeds": 65.50318479355732,
              "student_seed_sample_sd": 0.4323710357474417
            },
            "42": {
              "mean_over_student_seeds": 68.22929942623065,
              "student_seed_sample_sd": 0.39634012726938844
            }
          }
        }
      }
    },
    "c1_e250_real_pred": {
      "cells": 8,
      "grand_mean": 68.56050960030525,
      "sample_sd_across_cells_descriptive": 0.4083252034431251,
      "pooled_within_teacher_recovery_student_seed_sd": 0.28627012926889633,
      "pooled_within_teacher_recovery_seed_sd_of_student_means": 0.4248938007253722,
      "teacher_seed_sd_of_recovery_student_means": 0.17114685736387658,
      "by_teacher_seed": {
        "43": {
          "mean_over_recovery_and_student_seeds": 68.68152870372602,
          "sample_sd_across_nine_cells": 0.23292721395872767,
          "recovery_seed_sd_of_student_seed_means": 0.2432087121179116,
          "by_recovery_seed": {
            "41": {
              "mean_over_student_seeds": 68.85350323330825,
              "student_seed_sample_sd": 0.19817009456028536
            },
            "42": {
              "mean_over_student_seeds": 68.5095541741438,
              "student_seed_sample_sd": 0.07206191316903102
            }
          }
        },
        "44": {
          "mean_over_recovery_and_student_seeds": 68.43949049688449,
          "sample_sd_across_nine_cells": 0.543806354694461,
          "recovery_seed_sd_of_student_seed_means": 0.5494715699102651,
          "by_recovery_seed": {
            "41": {
              "mean_over_student_seeds": 68.05095542373172,
              "student_seed_sample_sd": 0.21618547148534667
            },
            "42": {
              "mean_over_student_seeds": 68.82802557003725,
              "student_seed_sample_sd": 0.48641739674642337
            }
          }
        }
      }
    },
    "c1_e250_c1_ref": {
      "cells": 8,
      "grand_mean": 63.65605103073606,
      "sample_sd_across_cells_descriptive": 1.5247143192998553,
      "pooled_within_teacher_recovery_student_seed_sd": 0.9412969523326704,
      "pooled_within_teacher_recovery_seed_sd_of_student_means": 1.2246537561779671,
      "teacher_seed_sd_of_recovery_student_means": 1.297113062572014,
      "by_teacher_seed": {
        "43": {
          "mean_over_recovery_and_student_seeds": 62.73885358822574,
          "sample_sd_across_nine_cells": 1.6406930832409006,
          "recovery_seed_sd_of_student_seed_means": 1.6394067669912484,
          "by_recovery_seed": {
            "41": {
              "mean_over_student_seeds": 63.89808923028836,
              "student_seed_sample_sd": 1.5853603853752094
            },
            "42": {
              "mean_over_student_seeds": 61.57961794616311,
              "student_seed_sample_sd": 0.4323710598006703
            }
          }
        },
        "44": {
          "mean_over_recovery_and_student_seeds": 64.57324847324638,
          "sample_sd_across_nine_cells": 0.6994392324766833,
          "recovery_seed_sd_of_student_seed_means": 0.5584792721175158,
          "by_recovery_seed": {
            "41": {
              "mean_over_student_seeds": 64.17834399277996,
              "student_seed_sample_sd": 0.39634007229056867
            },
            "42": {
              "mean_over_student_seeds": 64.9681529537128,
              "student_seed_sample_sd": 0.8287110908571292
            }
          }
        }
      }
    },
    "c1_e250_c1_pred": {
      "cells": 8,
      "grand_mean": 64.74522298460553,
      "sample_sd_across_cells_descriptive": 0.9456461789106126,
      "pooled_within_teacher_recovery_student_seed_sd": 0.32949089085593936,
      "pooled_within_teacher_recovery_seed_sd_of_student_means": 0.14524528411506782,
      "teacher_seed_sd_of_recovery_student_means": 1.1980280788611415,
      "by_teacher_seed": {
        "43": {
          "mean_over_recovery_and_student_seeds": 63.89808920599093,
          "sample_sd_across_nine_cells": 0.30643938928686204,
          "recovery_seed_sd_of_student_seed_means": 0.05404637817986287,
          "by_recovery_seed": {
            "41": {
              "mean_over_student_seeds": 63.93630576650048,
              "student_seed_sample_sd": 0.05404645377573502
            },
            "42": {
              "mean_over_student_seeds": 63.859872645481374,
              "student_seed_sample_sd": 0.5224483292777002
            }
          }
        },
        "44": {
          "mean_over_recovery_and_student_seeds": 65.59235676322014,
          "sample_sd_across_nine_cells": 0.28102577636183884,
          "recovery_seed_sd_of_student_seed_means": 0.19817006363467915,
          "by_recovery_seed": {
            "41": {
              "mean_over_student_seeds": 65.73248415904439,
              "student_seed_sample_sd": 0.036030994382449076
            },
            "42": {
              "mean_over_student_seeds": 65.45222936739589,
              "student_seed_sample_sd": 0.396340106652331
            }
          }
        }
      }
    },
    "c1_e300_real_ref": {
      "cells": 8,
      "grand_mean": 65.35987263758471,
      "sample_sd_across_cells_descriptive": 0.8618351175699218,
      "pooled_within_teacher_recovery_student_seed_sd": 0.6158942482028386,
      "pooled_within_teacher_recovery_seed_sd_of_student_means": 0.9013357735999049,
      "teacher_seed_sd_of_recovery_student_means": 0.3287821399408159,
      "by_teacher_seed": {
        "43": {
          "mean_over_recovery_and_student_seeds": 65.12738855689953,
          "sample_sd_across_nine_cells": 0.8214667299266671,
          "recovery_seed_sd_of_student_seed_means": 0.6755797100674047,
          "by_recovery_seed": {
            "41": {
              "mean_over_student_seeds": 64.64968156267884,
              "student_seed_sample_sd": 0.8827574346752196
            },
            "42": {
              "mean_over_student_seeds": 65.60509555112024,
              "student_seed_sample_sd": 0.5764947418193254
            }
          }
        },
        "44": {
          "mean_over_recovery_and_student_seeds": 65.59235671826988,
          "sample_sd_across_nine_cells": 0.9561214779569677,
          "recovery_seed_sd_of_student_seed_means": 1.0809275687515418,
          "by_recovery_seed": {
            "41": {
              "mean_over_student_seeds": 64.82802550443418,
              "student_seed_sample_sd": 0.4503865501195424
            },
            "42": {
              "mean_over_student_seeds": 66.35668793210559,
              "student_seed_sample_sd": 0.45038647795984144
            }
          }
        }
      }
    },
    "c1_e300_real_pred": {
      "cells": 8,
      "grand_mean": 67.53184719996847,
      "sample_sd_across_cells_descriptive": 0.871784166644623,
      "pooled_within_teacher_recovery_student_seed_sd": 0.6472415827595646,
      "pooled_within_teacher_recovery_seed_sd_of_student_means": 0.3283189964078414,
      "teacher_seed_sd_of_recovery_student_means": 0.8962691159836403,
      "by_teacher_seed": {
        "43": {
          "mean_over_recovery_and_student_seeds": 66.89808923028838,
          "sample_sd_across_nine_cells": 0.7449415624206732,
          "recovery_seed_sd_of_student_seed_means": 0.44137864517791386,
          "by_recovery_seed": {
            "41": {
              "mean_over_student_seeds": 66.58598739721214,
              "student_seed_sample_sd": 0.6305410787650735
            },
            "42": {
              "mean_over_student_seeds": 67.2101910633646,
              "student_seed_sample_sd": 0.9368038884509697
            }
          }
        },
        "44": {
          "mean_over_recovery_and_student_seeds": 68.16560516964859,
          "sample_sd_across_nine_cells": 0.3838603587921751,
          "recovery_seed_sd_of_student_seed_means": 0.144123621885566,
          "by_recovery_seed": {
            "41": {
              "mean_over_student_seeds": 68.06369437928413,
              "student_seed_sample_sd": 0.05404641254162522
            },
            "42": {
              "mean_over_student_seeds": 68.26751596001303,
              "student_seed_sample_sd": 0.6305410959459546
            }
          }
        }
      }
    },
    "c1_e300_c1_ref": {
      "cells": 8,
      "grand_mean": 62.52547776228303,
      "sample_sd_across_cells_descriptive": 1.4648138557835553,
      "pooled_within_teacher_recovery_student_seed_sd": 0.6521123274958972,
      "pooled_within_teacher_recovery_seed_sd_of_student_means": 1.30579464685477,
      "teacher_seed_sd_of_recovery_student_means": 1.274593742625628,
      "by_teacher_seed": {
        "43": {
          "mean_over_recovery_and_student_seeds": 61.62420388361451,
          "sample_sd_across_nine_cells": 1.6703449835718347,
          "recovery_seed_sd_of_student_seed_means": 1.8465846204556773,
          "by_recovery_seed": {
            "41": {
              "mean_over_student_seeds": 62.929936390773506,
              "student_seed_sample_sd": 0.6485565553392456
            },
            "42": {
              "mean_over_student_seeds": 60.31847137645551,
              "student_seed_sample_sd": 1.0629120217357568
            }
          }
        },
        "44": {
          "mean_over_recovery_and_student_seeds": 63.42675164095156,
          "sample_sd_across_nine_cells": 0.22453173292876444,
          "recovery_seed_sd_of_student_seed_means": 0.01801552124446321,
          "by_recovery_seed": {
            "41": {
              "mean_over_student_seeds": 63.41401274371299,
              "student_seed_sample_sd": 0.144123709508065
            },
            "42": {
              "mean_over_student_seeds": 63.43949053819013,
              "student_seed_sample_sd": 0.3603092222275165
            }
          }
        }
      }
    },
    "c1_e300_c1_pred": {
      "cells": 8,
      "grand_mean": 62.90127395034596,
      "sample_sd_across_cells_descriptive": 1.380334081544376,
      "pooled_within_teacher_recovery_student_seed_sd": 0.6354759821689512,
      "pooled_within_teacher_recovery_seed_sd_of_student_means": 0.329059679374473,
      "teacher_seed_sd_of_recovery_student_means": 1.6799416099001905,
      "by_teacher_seed": {
        "43": {
          "mean_over_recovery_and_student_seeds": 61.71337584598808,
          "sample_sd_across_nine_cells": 0.5770105115277836,
          "recovery_seed_sd_of_student_seed_means": 0.3152705548453298,
          "by_recovery_seed": {
            "41": {
              "mean_over_student_seeds": 61.93630579322766,
              "student_seed_sample_sd": 0.28824740183524383
            },
            "42": {
              "mean_over_student_seeds": 61.490445898748504,
              "student_seed_sample_sd": 0.8467265090163003
            }
          }
        },
        "44": {
          "mean_over_recovery_and_student_seeds": 64.08917205470382,
          "sample_sd_across_nine_cells": 0.591499956261998,
          "recovery_seed_sd_of_student_seed_means": 0.34229376627040675,
          "by_recovery_seed": {
            "41": {
              "mean_over_student_seeds": 64.33121029799152,
              "student_seed_sample_sd": 0.4323710529283128
            },
            "42": {
              "mean_over_student_seeds": 63.84713381141614,
              "student_seed_sample_sd": 0.7926801514534948
            }
          }
        }
      }
    },
    "c100_e008_real_ref": {
      "cells": 8,
      "grand_mean": 58.64968157725729,
      "sample_sd_across_cells_descriptive": 1.2988276791405013,
      "pooled_within_teacher_recovery_student_seed_sd": 0.2473438151499334,
      "pooled_within_teacher_recovery_seed_sd_of_student_means": 0.6801283444750874,
      "teacher_seed_sd_of_recovery_student_means": 1.5583371962852828,
      "by_teacher_seed": {
        "43": {
          "mean_over_recovery_and_student_seeds": 59.75159237612584,
          "sample_sd_across_nine_cells": 0.6831241259105585,
          "recovery_seed_sd_of_student_seed_means": 0.8016879567460125,
          "by_recovery_seed": {
            "41": {
              "mean_over_student_seeds": 59.18471338551515,
              "student_seed_sample_sd": 0.14412371638041246
            },
            "42": {
              "mean_over_student_seeds": 60.31847136673654,
              "student_seed_sample_sd": 0.30626280968589625
            }
          }
        },
        "44": {
          "mean_over_recovery_and_student_seeds": 57.54777077838873,
          "sample_sd_across_nine_cells": 0.4813309316198822,
          "recovery_seed_sd_of_student_seed_means": 0.5314560658466981,
          "by_recovery_seed": {
            "41": {
              "mean_over_student_seeds": 57.17197459032581,
              "student_seed_sample_sd": 0.36030922909987395
            },
            "42": {
              "mean_over_student_seeds": 57.92356696645166,
              "student_seed_sample_sd": 0.018015459393285947
            }
          }
        }
      }
    },
    "c100_e008_real_pred": {
      "cells": 8,
      "grand_mean": 58.81847137402577,
      "sample_sd_across_cells_descriptive": 1.4240802594213524,
      "pooled_within_teacher_recovery_student_seed_sd": 0.21524514831167704,
      "pooled_within_teacher_recovery_seed_sd_of_student_means": 0.5227976849158412,
      "teacher_seed_sd_of_recovery_student_means": 1.7970420504272266,
      "by_teacher_seed": {
        "43": {
          "mean_over_recovery_and_student_seeds": 60.08917199396024,
          "sample_sd_across_nine_cells": 0.6073820130793789,
          "recovery_seed_sd_of_student_seed_means": 0.684587511923751,
          "by_recovery_seed": {
            "41": {
              "mean_over_student_seeds": 59.60509552196333,
              "student_seed_sample_sd": 0.1621391345395886
            },
            "42": {
              "mean_over_student_seeds": 60.57324846595715,
              "student_seed_sample_sd": 0.3783246060249303
            }
          }
        },
        "44": {
          "mean_over_recovery_and_student_seeds": 57.5477707540913,
          "sample_sd_across_nine_cells": 0.23934134860992087,
          "recovery_seed_sd_of_student_seed_means": 0.2792396412130172,
          "by_recovery_seed": {
            "41": {
              "mean_over_student_seeds": 57.35031851021348,
              "student_seed_sample_sd": 8.246822965273635e-08
            },
            "42": {
              "mean_over_student_seeds": 57.74522299796912,
              "student_seed_sample_sd": 0.1261082432424266
            }
          }
        }
      }
    },
    "c100_e008_c1_ref": {
      "cells": 8,
      "grand_mean": 57.531847192679244,
      "sample_sd_across_cells_descriptive": 1.400409208495678,
      "pooled_within_teacher_recovery_student_seed_sd": 0.29643504426123596,
      "pooled_within_teacher_recovery_seed_sd_of_student_means": 0.28690713909028637,
      "teacher_seed_sd_of_recovery_student_means": 1.8060498256532074,
      "by_teacher_seed": {
        "43": {
          "mean_over_recovery_and_student_seeds": 58.80891727155941,
          "sample_sd_across_nine_cells": 0.4526029206773875,
          "recovery_seed_sd_of_student_seed_means": 0.4053478208861835,
          "by_recovery_seed": {
            "41": {
              "mean_over_student_seeds": 58.522293078671595,
              "student_seed_sample_sd": 0.28824736747348645
            },
            "42": {
              "mean_over_student_seeds": 59.095541464447216,
              "student_seed_sample_sd": 0.4503864504704315
            }
          }
        },
        "44": {
          "mean_over_recovery_and_student_seeds": 56.25477711379908,
          "sample_sd_across_nine_cells": 0.1485592544984784,
          "recovery_seed_sd_of_student_seed_means": 0.01801546626563842,
          "by_recovery_seed": {
            "41": {
              "mean_over_student_seeds": 56.267515972161746,
              "student_seed_sample_sd": 0.1981700533261655
            },
            "42": {
              "mean_over_student_seeds": 56.242038255436405,
              "student_seed_sample_sd": 0.16213905207135895
            }
          }
        }
      }
    },
    "c100_e008_c1_pred": {
      "cells": 8,
      "grand_mean": 57.38216566826887,
      "sample_sd_across_cells_descriptive": 1.3105373156353843,
      "pooled_within_teacher_recovery_student_seed_sd": 0.3260250686430093,
      "pooled_within_teacher_recovery_seed_sd_of_student_means": 0.34979690300646077,
      "teacher_seed_sd_of_recovery_student_means": 1.6664299801344185,
      "by_teacher_seed": {
        "43": {
          "mean_over_recovery_and_student_seeds": 58.56050960759448,
          "sample_sd_across_nine_cells": 0.4041784276950647,
          "recovery_seed_sd_of_student_seed_means": 0.4864173417675986,
          "by_recovery_seed": {
            "41": {
              "mean_over_student_seeds": 58.21656060674388,
              "student_seed_sample_sd": 0.07206183757314881
            },
            "42": {
              "mean_over_student_seeds": 58.90445860844509,
              "student_seed_sample_sd": 0.1080927151256109
            }
          }
        },
        "44": {
          "mean_over_recovery_and_student_seeds": 56.20382172894326,
          "sample_sd_across_nine_cells": 0.37617383867223003,
          "recovery_seed_sd_of_student_seed_means": 0.09007727978555861,
          "by_recovery_seed": {
            "41": {
              "mean_over_student_seeds": 56.267515984310464,
              "student_seed_sample_sd": 0.5945101771593777
            },
            "42": {
              "mean_over_student_seeds": 56.14012747357605,
              "student_seed_sample_sd": 0.23420095493186124
            }
          }
        }
      }
    },
    "c100_e016_real_ref": {
      "cells": 8,
      "grand_mean": 68.43630578411613,
      "sample_sd_across_cells_descriptive": 1.1251835385799347,
      "pooled_within_teacher_recovery_student_seed_sd": 0.0990850222897696,
      "pooled_within_teacher_recovery_seed_sd_of_student_means": 0.5860218501519356,
      "teacher_seed_sd_of_recovery_student_means": 1.3646710378739797,
      "by_teacher_seed": {
        "43": {
          "mean_over_recovery_and_student_seeds": 69.4012739290857,
          "sample_sd_across_nine_cells": 0.41708800469970103,
          "recovery_seed_sd_of_student_seed_means": 0.504432821777952,
          "by_recovery_seed": {
            "41": {
              "mean_over_student_seeds": 69.04458606015345,
              "student_seed_sample_sd": 0.10809275635972573
            },
            "42": {
              "mean_over_student_seeds": 69.75796179801796,
              "student_seed_sample_sd": 0.0360308706801046
            }
          }
        },
        "44": {
          "mean_over_recovery_and_student_seeds": 67.47133763914655,
          "sample_sd_across_nine_cells": 0.544998651679526,
          "recovery_seed_sd_of_student_seed_means": 0.6575642523922118,
          "by_recovery_seed": {
            "41": {
              "mean_over_student_seeds": 67.00636949721415,
              "student_seed_sample_sd": 1.7180881177653407e-08
            },
            "42": {
              "mean_over_student_seeds": 67.93630578107894,
              "student_seed_sample_sd": 0.1621391345395886
            }
          }
        }
      }
    },
    "c100_e016_real_pred": {
      "cells": 8,
      "grand_mean": 68.42356694276165,
      "sample_sd_across_cells_descriptive": 1.1627549971049806,
      "pooled_within_teacher_recovery_student_seed_sd": 0.3515323430291975,
      "pooled_within_teacher_recovery_seed_sd_of_student_means": 0.5749796803724632,
      "teacher_seed_sd_of_recovery_student_means": 1.3826864972672706,
      "by_teacher_seed": {
        "43": {
          "mean_over_recovery_and_student_seeds": 69.40127394123442,
          "sample_sd_across_nine_cells": 0.5685582879961607,
          "recovery_seed_sd_of_student_seed_means": 0.6305410547118399,
          "by_recovery_seed": {
            "41": {
              "mean_over_student_seeds": 68.95541408563116,
              "student_seed_sample_sd": 0.414355566045622
            },
            "42": {
              "mean_over_student_seeds": 69.84713379683768,
              "student_seed_sample_sd": 0.05404629571163321
            }
          }
        },
        "44": {
          "mean_over_recovery_and_student_seeds": 67.4458599442889,
          "sample_sd_across_nine_cells": 0.5313288070488662,
          "recovery_seed_sd_of_student_seed_means": 0.5134405944267753,
          "by_recovery_seed": {
            "41": {
              "mean_over_student_seeds": 67.08280261823327,
              "student_seed_sample_sd": 0.2882473331117241
            },
            "42": {
              "mean_over_student_seeds": 67.80891727034452,
              "student_seed_sample_sd": 0.48641740361877583
            }
          }
        }
      }
    },
    "c100_e016_c1_ref": {
      "cells": 8,
      "grand_mean": 66.68789814870068,
      "sample_sd_across_cells_descriptive": 0.811867264492034,
      "pooled_within_teacher_recovery_student_seed_sd": 0.11464971298034676,
      "pooled_within_teacher_recovery_seed_sd_of_student_means": 0.10270390092197135,
      "teacher_seed_sd_of_recovery_student_means": 1.0629121076401626,
      "by_teacher_seed": {
        "43": {
          "mean_over_recovery_and_student_seeds": 67.43949050781833,
          "sample_sd_across_nine_cells": 0.12991133312895903,
          "recovery_seed_sd_of_student_seed_means": 0.1261081831093525,
          "by_recovery_seed": {
            "41": {
              "mean_over_student_seeds": 67.3503185563786,
              "student_seed_sample_sd": 0.05404639536074404
            },
            "42": {
              "mean_over_student_seeds": 67.52866245925807,
              "student_seed_sample_sd": 0.12610829822124636
            }
          }
        },
        "44": {
          "mean_over_recovery_and_student_seeds": 65.93630578958305,
          "sample_sd_across_nine_cells": 0.1212981565925172,
          "recovery_seed_sd_of_student_seed_means": 0.072061839291252,
          "by_recovery_seed": {
            "41": {
              "mean_over_student_seeds": 65.98726120481066,
              "student_seed_sample_sd": 0.03603091878657189
            },
            "42": {
              "mean_over_student_seeds": 65.88535037435543,
              "student_seed_sample_sd": 0.18015461111376074
            }
          }
        }
      }
    },
    "c100_e016_c1_pred": {
      "cells": 8,
      "grand_mean": 66.38535039014877,
      "sample_sd_across_cells_descriptive": 0.7708472699920823,
      "pooled_within_teacher_recovery_student_seed_sd": 0.4413787466853638,
      "pooled_within_teacher_recovery_seed_sd_of_student_means": 0.09554139544250119,
      "teacher_seed_sd_of_recovery_student_means": 0.9142845796721516,
      "by_teacher_seed": {
        "43": {
          "mean_over_recovery_and_student_seeds": 67.03184721636924,
          "sample_sd_across_nine_cells": 0.4734559541138081,
          "recovery_seed_sd_of_student_seed_means": 0.10809273574266831,
          "by_recovery_seed": {
            "41": {
              "mean_over_student_seeds": 66.9554141099286,
              "student_seed_sample_sd": 0.792680213304662
            },
            "42": {
              "mean_over_student_seeds": 67.10828032280989,
              "student_seed_sample_sd": 0.14412363391219285
            }
          }
        },
        "44": {
          "mean_over_recovery_and_student_seeds": 65.7388535639283,
          "sample_sd_across_nine_cells": 0.2185496157375746,
          "recovery_seed_sd_of_student_seed_means": 0.08106958101449924,
          "by_recovery_seed": {
            "41": {
              "mean_over_student_seeds": 65.7961784144116,
              "student_seed_sample_sd": 0.018015442212409794
            },
            "42": {
              "mean_over_student_seeds": 65.68152871344499,
              "student_seed_sample_sd": 0.3603091638125255
            }
          }
        }
      }
    },
    "c100_e032_real_ref": {
      "cells": 8,
      "grand_mean": 71.64012745292324,
      "sample_sd_across_cells_descriptive": 0.942865726598985,
      "pooled_within_teacher_recovery_student_seed_sd": 0.19673182137581507,
      "pooled_within_teacher_recovery_seed_sd_of_student_means": 0.9683413870459023,
      "teacher_seed_sd_of_recovery_student_means": 0.7611531782653796,
      "by_teacher_seed": {
        "43": {
          "mean_over_recovery_and_student_seeds": 71.1019108790501,
          "sample_sd_across_nine_cells": 0.21555911205279987,
          "recovery_seed_sd_of_student_seed_means": 0.027023171909040206,
          "by_recovery_seed": {
            "41": {
              "mean_over_student_seeds": 71.08280261094404,
              "student_seed_sample_sd": 0.28824738465436767
            },
            "42": {
              "mean_over_student_seeds": 71.12101914715615,
              "student_seed_sample_sd": 0.2342010545809721
            }
          }
        },
        "44": {
          "mean_over_recovery_and_student_seeds": 72.17834402679638,
          "sample_sd_across_nine_cells": 1.1204398858282267,
          "recovery_seed_sd_of_student_seed_means": 1.369174872655768,
          "by_recovery_seed": {
            "41": {
              "mean_over_student_seeds": 71.21019118971125,
              "student_seed_sample_sd": 0.07206187880726866
            },
            "42": {
              "mean_over_student_seeds": 73.1464968638815,
              "student_seed_sample_sd": 0.1080927151256109
            }
          }
        }
      }
    },
    "c100_e032_real_pred": {
      "cells": 8,
      "grand_mean": 71.36624212325758,
      "sample_sd_across_cells_descriptive": 0.9796205924870518,
      "pooled_within_teacher_recovery_student_seed_sd": 0.49114847613334117,
      "pooled_within_teacher_recovery_seed_sd_of_student_means": 0.8355610148316156,
      "teacher_seed_sd_of_recovery_student_means": 0.8602382513168341,
      "by_teacher_seed": {
        "43": {
          "mean_over_recovery_and_student_seeds": 70.7579618223154,
          "sample_sd_across_nine_cells": 0.39709007601215446,
          "recovery_seed_sd_of_student_seed_means": 0.47740971515624014,
          "by_recovery_seed": {
            "41": {
              "mean_over_student_seeds": 70.42038217532408,
              "student_seed_sample_sd": 0.03603087755245707
            },
            "42": {
              "mean_over_student_seeds": 71.09554146930671,
              "student_seed_sample_sd": 0.1261082432424266
            }
          }
        },
        "44": {
          "mean_over_recovery_and_student_seeds": 71.97452242419978,
          "sample_sd_across_nine_cells": 1.0463451557773422,
          "recovery_seed_sd_of_student_seed_means": 1.080927556724925,
          "by_recovery_seed": {
            "41": {
              "mean_over_student_seeds": 71.21019121886818,
              "student_seed_sample_sd": 0.7566492945180902
            },
            "42": {
              "mean_over_student_seeds": 72.73885362953138,
              "student_seed_sample_sd": 0.6125256193717925
            }
          }
        }
      }
    },
    "c100_e032_c1_ref": {
      "cells": 8,
      "grand_mean": 69.68152871587475,
      "sample_sd_across_cells_descriptive": 0.1852303587930127,
      "pooled_within_teacher_recovery_student_seed_sd": 0.16263875639212533,
      "pooled_within_teacher_recovery_seed_sd_of_student_means": 0.18239265148319783,
      "teacher_seed_sd_of_recovery_student_means": 0.018015431903881086,
      "by_teacher_seed": {
        "43": {
          "mean_over_recovery_and_student_seeds": 69.69426754993998,
          "sample_sd_across_nine_cells": 0.1070871865782395,
          "recovery_seed_sd_of_student_seed_means": 0.10809275635972573,
          "by_recovery_seed": {
            "41": {
              "mean_over_student_seeds": 69.77070067095909,
              "student_seed_sample_sd": 0.09007722137056763
            },
            "42": {
              "mean_over_student_seeds": 69.61783442892087,
              "student_seed_sample_sd": 0.054046302583985684
            }
          }
        },
        "44": {
          "mean_over_recovery_and_student_seeds": 69.6687898818095,
          "sample_sd_across_nine_cells": 0.2610688165954563,
          "recovery_seed_sd_of_student_seed_means": 0.2342010133468673,
          "by_recovery_seed": {
            "41": {
              "mean_over_student_seeds": 69.83439500650783,
              "student_seed_sample_sd": 0.10809272199797343
            },
            "42": {
              "mean_over_student_seeds": 69.50318475711117,
              "student_seed_sample_sd": 0.28824731593084296
            }
          }
        }
      }
    },
    "c100_e032_c1_pred": {
      "cells": 8,
      "grand_mean": 69.44585994550377,
      "sample_sd_across_cells_descriptive": 0.3497969160644762,
      "pooled_within_teacher_recovery_student_seed_sd": 0.4135715313342901,
      "pooled_within_teacher_recovery_seed_sd_of_student_means": 0.1910827490934116,
      "teacher_seed_sd_of_recovery_student_means": 0.08106951229096448,
      "by_teacher_seed": {
        "43": {
          "mean_over_recovery_and_student_seeds": 69.5031847473922,
          "sample_sd_across_nine_cells": 0.4081737191846942,
          "recovery_seed_sd_of_student_seed_means": 0.27023181530343715,
          "by_recovery_seed": {
            "41": {
              "mean_over_student_seeds": 69.69426749648562,
              "student_seed_sample_sd": 0.48641740361877583
            },
            "42": {
              "mean_over_student_seeds": 69.3121019982988,
              "student_seed_sample_sd": 0.34229372847246814
            }
          }
        },
        "44": {
          "mean_over_recovery_and_student_seeds": 69.38853514361534,
          "sample_sd_across_nine_cells": 0.33186280248818933,
          "recovery_seed_sd_of_student_seed_means": 2.0617057413184088e-08,
          "by_recovery_seed": {
            "41": {
              "mean_over_student_seeds": 69.38853512903688,
              "student_seed_sample_sd": 0.486417362384661
            },
            "42": {
              "mean_over_student_seeds": 69.3885351581938,
              "student_seed_sample_sd": 0.3062628096858862
            }
          }
        }
      }
    },
    "c100_e064_real_ref": {
      "cells": 8,
      "grand_mean": 72.36942679350543,
      "sample_sd_across_cells_descriptive": 0.9483145465017513,
      "pooled_within_teacher_recovery_student_seed_sd": 0.2929936055891456,
      "pooled_within_teacher_recovery_seed_sd_of_student_means": 0.8950801436621474,
      "teacher_seed_sd_of_recovery_student_means": 0.8287111209236713,
      "by_teacher_seed": {
        "43": {
          "mean_over_recovery_and_student_seeds": 71.7834395402556,
          "sample_sd_across_nine_cells": 0.9890470946048043,
          "recovery_seed_sd_of_student_seed_means": 1.1529894338140956,
          "by_recovery_seed": {
            "41": {
              "mean_over_student_seeds": 70.96815289296921,
              "student_seed_sample_sd": 0.4864173383314173
            },
            "42": {
              "mean_over_student_seeds": 72.59872618754198,
              "student_seed_sample_sd": 0.19817005332617052
            }
          }
        },
        "44": {
          "mean_over_recovery_and_student_seeds": 72.95541404675527,
          "sample_sd_across_nine_cells": 0.4521844756066146,
          "recovery_seed_sd_of_student_seed_means": 0.5224483636394626,
          "by_recovery_seed": {
            "41": {
              "mean_over_student_seeds": 72.58598726600599,
              "student_seed_sample_sd": 0.21618554708121382
            },
            "42": {
              "mean_over_student_seeds": 73.32484082750454,
              "student_seed_sample_sd": 0.14412364078453527
            }
          }
        }
      }
    },
    "c100_e064_real_pred": {
      "cells": 8,
      "grand_mean": 72.34713383692845,
      "sample_sd_across_cells_descriptive": 0.8271361032246822,
      "pooled_within_teacher_recovery_student_seed_sd": 0.2471796992140562,
      "pooled_within_teacher_recovery_seed_sd_of_student_means": 0.6415439180283155,
      "teacher_seed_sd_of_recovery_student_means": 0.8512304803860888,
      "by_teacher_seed": {
        "43": {
          "mean_over_recovery_and_student_seeds": 71.74522299189476,
          "sample_sd_across_nine_cells": 0.6528792079372687,
          "recovery_seed_sd_of_student_seed_means": 0.7926802459483363,
          "by_recovery_seed": {
            "41": {
              "mean_over_student_seeds": 71.18471341467207,
              "student_seed_sample_sd": 0.14412359267807803
            },
            "42": {
              "mean_over_student_seeds": 72.30573256911745,
              "student_seed_sample_sd": 0.036030901605700764
            }
          }
        },
        "44": {
          "mean_over_recovery_and_student_seeds": 72.94904468196214,
          "sample_sd_across_nine_cells": 0.4516458160182255,
          "recovery_seed_sd_of_student_seed_means": 0.441378777470699,
          "by_recovery_seed": {
            "41": {
              "mean_over_student_seeds": 72.63694275534077,
              "student_seed_sample_sd": 0.46840193391695617
            },
            "42": {
              "mean_over_student_seeds": 73.26114660858349,
              "student_seed_sample_sd": 0.05404634381810051
            }
          }
        }
      }
    },
    "c100_e064_c1_ref": {
      "cells": 8,
      "grand_mean": 71.22611471406972,
      "sample_sd_across_cells_descriptive": 0.414173692981935,
      "pooled_within_teacher_recovery_student_seed_sd": 0.3809960572163276,
      "pooled_within_teacher_recovery_seed_sd_of_student_means": 0.3375796568019803,
      "teacher_seed_sd_of_recovery_student_means": 0.20267390958405018,
      "by_teacher_seed": {
        "43": {
          "mean_over_recovery_and_student_seeds": 71.3694268099062,
          "sample_sd_across_nine_cells": 0.43405674875053596,
          "recovery_seed_sd_of_student_seed_means": 0.40534791194484865,
          "by_recovery_seed": {
            "41": {
              "mean_over_student_seeds": 71.6560510671822,
              "student_seed_sample_sd": 0.4864174379805382
            },
            "42": {
              "mean_over_student_seeds": 71.08280255263018,
              "student_seed_sample_sd": 3.4361762355306813e-08
            }
          }
        },
        "44": {
          "mean_over_recovery_and_student_seeds": 71.08280261823326,
          "sample_sd_across_nine_cells": 0.39634004667544026,
          "recovery_seed_sd_of_student_seed_means": 0.25221641432515224,
          "by_recovery_seed": {
            "41": {
              "mean_over_student_seeds": 70.90445868133739,
              "student_seed_sample_sd": 0.1080927632320782
            },
            "42": {
              "mean_over_student_seeds": 71.26114655512913,
              "student_seed_sample_sd": 0.576494590627571
            }
          }
        }
      }
    },
    "c100_e064_c1_pred": {
      "cells": 8,
      "grand_mean": 70.74840767489877,
      "sample_sd_across_cells_descriptive": 0.36067896848062114,
      "pooled_within_teacher_recovery_student_seed_sd": 0.33377256991620896,
      "pooled_within_teacher_recovery_seed_sd_of_student_means": 0.27418142630661047,
      "teacher_seed_sd_of_recovery_student_means": 0.20267393535537195,
      "by_teacher_seed": {
        "43": {
          "mean_over_recovery_and_student_seeds": 70.89171978895831,
          "sample_sd_across_nine_cells": 0.3753100837267556,
          "recovery_seed_sd_of_student_seed_means": 0.018015404414461155,
          "by_recovery_seed": {
            "41": {
              "mean_over_student_seeds": 70.9044586035856,
              "student_seed_sample_sd": 0.36030915350398673
            },
            "42": {
              "mean_over_student_seeds": 70.87898097433103,
              "student_seed_sample_sd": 0.5404638573945159
            }
          }
        },
        "44": {
          "mean_over_recovery_and_student_seeds": 70.60509556083922,
          "sample_sd_across_nine_cells": 0.32850436577465825,
          "recovery_seed_sd_of_student_seed_means": 0.38733235633863317,
          "by_recovery_seed": {
            "41": {
              "mean_over_student_seeds": 70.87898089657924,
              "student_seed_sample_sd": 0.14412370950805997
            },
            "42": {
              "mean_over_student_seeds": 70.33121022509921,
              "student_seed_sample_sd": 0.054046302583985684
            }
          }
        }
      }
    },
    "c100_e100_real_ref": {
      "cells": 8,
      "grand_mean": 72.5955414541208,
      "sample_sd_across_cells_descriptive": 0.7038144653650867,
      "pooled_within_teacher_recovery_student_seed_sd": 0.20481445181098137,
      "pooled_within_teacher_recovery_seed_sd_of_student_means": 0.8853503391241588,
      "teacher_seed_sd_of_recovery_student_means": 0.20267392590588731,
      "by_teacher_seed": {
        "43": {
          "mean_over_recovery_and_student_seeds": 72.45222934674305,
          "sample_sd_across_nine_cells": 1.0351968023872076,
          "recovery_seed_sd_of_student_seed_means": 1.2520744570410045,
          "by_recovery_seed": {
            "41": {
              "mean_over_student_seeds": 71.5668790076189,
              "student_seed_sample_sd": 0.25221636621868493
            },
            "42": {
              "mean_over_student_seeds": 73.33757968586721,
              "student_seed_sample_sd": 0.12610817451889184
            }
          }
        },
        "44": {
          "mean_over_recovery_and_student_seeds": 72.73885356149856,
          "sample_sd_across_nine_cells": 0.17154151257881786,
          "recovery_seed_sd_of_student_seed_means": 3.4361762355306813e-09,
          "by_recovery_seed": {
            "41": {
              "mean_over_student_seeds": 72.7388535639283,
              "student_seed_sample_sd": 0.07206185475402496
            },
            "42": {
              "mean_over_student_seeds": 72.73885355906882,
              "student_seed_sample_sd": 0.28824739496289636
            }
          }
        }
      }
    },
    "c100_e100_real_pred": {
      "cells": 8,
      "grand_mean": 72.67515928426366,
      "sample_sd_across_cells_descriptive": 0.6354121493773435,
      "pooled_within_teacher_recovery_student_seed_sd": 0.24536763242643475,
      "pooled_within_teacher_recovery_seed_sd_of_student_means": 0.6942967317704808,
      "teacher_seed_sd_of_recovery_student_means": 0.40534777965207364,
      "by_teacher_seed": {
        "43": {
          "mean_over_recovery_and_student_seeds": 72.38853512053277,
          "sample_sd_across_nine_cells": 0.7434879134278627,
          "recovery_seed_sd_of_student_seed_means": 0.9097806942067739,
          "by_recovery_seed": {
            "41": {
              "mean_over_student_seeds": 71.74522302226656,
              "student_seed_sample_sd": 6.872352471061363e-09
            },
            "42": {
              "mean_over_student_seeds": 73.03184721879899,
              "student_seed_sample_sd": 0.05404636099898169
            }
          }
        },
        "44": {
          "mean_over_recovery_and_student_seeds": 72.96178344799455,
          "sample_sd_across_nine_cells": 0.41258941451882014,
          "recovery_seed_sd_of_student_seed_means": 0.3693169261528402,
          "by_recovery_seed": {
            "41": {
              "mean_over_student_seeds": 72.7006369451049,
              "student_seed_sample_sd": 0.4864173726931797
            },
            "42": {
              "mean_over_student_seeds": 73.2229299508842,
              "student_seed_sample_sd": 0.036030966893049236
            }
          }
        }
      }
    },
    "c100_e100_c1_ref": {
      "cells": 8,
      "grand_mean": 71.46815293002281,
      "sample_sd_across_cells_descriptive": 0.6772933478082009,
      "pooled_within_teacher_recovery_student_seed_sd": 0.5279329000517555,
      "pooled_within_teacher_recovery_seed_sd_of_student_means": 0.4550910168257516,
      "teacher_seed_sd_of_recovery_student_means": 0.5629831326706157,
      "by_teacher_seed": {
        "43": {
          "mean_over_recovery_and_student_seeds": 71.86624212082785,
          "sample_sd_across_nine_cells": 0.6439949805798656,
          "recovery_seed_sd_of_student_seed_means": 0.6395488703128862,
          "by_recovery_seed": {
            "41": {
              "mean_over_student_seeds": 72.31847146392627,
              "student_seed_sample_sd": 0.41435556604561197
            },
            "42": {
              "mean_over_student_seeds": 71.4140127777294,
              "student_seed_sample_sd": 0.5044329042461716
            }
          }
        },
        "44": {
          "mean_over_recovery_and_student_seeds": 71.07006373921777,
          "sample_sd_across_nine_cells": 0.48273364538981894,
          "recovery_seed_sd_of_student_seed_means": 0.07206184616358438,
          "by_recovery_seed": {
            "41": {
              "mean_over_student_seeds": 71.01910831913068,
              "student_seed_sample_sd": 0.37832472972727976
            },
            "42": {
              "mean_over_student_seeds": 71.12101915930486,
              "student_seed_sample_sd": 0.7386338041992131
            }
          }
        }
      }
    },
    "c100_e100_c1_pred": {
      "cells": 8,
      "grand_mean": 71.38216567191348,
      "sample_sd_across_cells_descriptive": 0.3884828509504783,
      "pooled_within_teacher_recovery_student_seed_sd": 0.35279961054945197,
      "pooled_within_teacher_recovery_seed_sd_of_student_means": 0.2580993616037618,
      "teacher_seed_sd_of_recovery_student_means": 0.2702318891812262,
      "by_teacher_seed": {
        "43": {
          "mean_over_recovery_and_student_seeds": 71.57324847324638,
          "sample_sd_across_nine_cells": 0.47907807002421754,
          "recovery_seed_sd_of_student_seed_means": 0.3513014753499898,
          "by_recovery_seed": {
            "41": {
              "mean_over_student_seeds": 71.32484081778557,
              "student_seed_sample_sd": 0.5584793442772067
            },
            "42": {
              "mean_over_student_seeds": 71.8216561287072,
              "student_seed_sample_sd": 0.3603092565892838
            }
          }
        },
        "44": {
          "mean_over_recovery_and_student_seeds": 71.19108287058059,
          "sample_sd_across_nine_cells": 0.15893813379433247,
          "recovery_seed_sd_of_student_seed_means": 0.09908498542897044,
          "by_recovery_seed": {
            "41": {
              "mean_over_student_seeds": 71.12101920546999,
              "student_seed_sample_sd": 0.23420097211274243
            },
            "42": {
              "mean_over_student_seeds": 71.26114653569118,
              "student_seed_sample_sd": 0.03603091878658194
            }
          }
        }
      }
    },
    "c100_e150_real_ref": {
      "cells": 8,
      "grand_mean": 70.92356694154678,
      "sample_sd_across_cells_descriptive": 0.984465772907143,
      "pooled_within_teacher_recovery_student_seed_sd": 0.2406935757594515,
      "pooled_within_teacher_recovery_seed_sd_of_student_means": 0.5556389421772795,
      "teacher_seed_sd_of_recovery_student_means": 1.1529893625134384,
      "by_teacher_seed": {
        "43": {
          "mean_over_recovery_and_student_seeds": 70.10828034467758,
          "sample_sd_across_nine_cells": 0.6161796271220483,
          "recovery_seed_sd_of_student_seed_means": 0.7116106288539765,
          "by_recovery_seed": {
            "41": {
              "mean_over_student_seeds": 69.60509564345051,
              "student_seed_sample_sd": 0.18015455957111723
            },
            "42": {
              "mean_over_student_seeds": 70.61146504590465,
              "student_seed_sample_sd": 0.3062628921541159
            }
          }
        },
        "44": {
          "mean_over_recovery_and_student_seeds": 71.738853538416,
          "sample_sd_across_nine_cells": 0.3304744706540635,
          "recovery_seed_sd_of_student_seed_means": 0.33328603485567815,
          "by_recovery_seed": {
            "41": {
              "mean_over_student_seeds": 71.97452235373721,
              "student_seed_sample_sd": 0.3242782862600584
            },
            "42": {
              "mean_over_student_seeds": 71.50318472309476,
              "student_seed_sample_sd": 0.018015500627405798
            }
          }
        }
      }
    },
    "c100_e150_real_pred": {
      "cells": 8,
      "grand_mean": 70.98407650601332,
      "sample_sd_across_cells_descriptive": 0.9531365048807311,
      "pooled_within_teacher_recovery_student_seed_sd": 0.25493625308854534,
      "pooled_within_teacher_recovery_seed_sd_of_student_means": 0.7884980091296552,
      "teacher_seed_sd_of_recovery_student_means": 0.9503154692512356,
      "by_teacher_seed": {
        "43": {
          "mean_over_recovery_and_student_seeds": 70.3121019934393,
          "sample_sd_across_nine_cells": 0.9061316723437618,
          "recovery_seed_sd_of_student_seed_means": 1.1079507870489511,
          "by_recovery_seed": {
            "41": {
              "mean_over_student_seeds": 69.52866247869602,
              "student_seed_sample_sd": 0.07206187880726866
            },
            "42": {
              "mean_over_student_seeds": 71.09554150818259,
              "student_seed_sample_sd": 0.05404641941397769
            }
          }
        },
        "44": {
          "mean_over_recovery_and_student_seeds": 71.65605101858735,
          "sample_sd_across_nine_cells": 0.3074966619263471,
          "recovery_seed_sd_of_student_seed_means": 0.12610818482743058,
          "by_recovery_seed": {
            "41": {
              "mean_over_student_seeds": 71.74522297124194,
              "student_seed_sample_sd": 0.4684019201722512
            },
            "42": {
              "mean_over_student_seeds": 71.56687906593274,
              "student_seed_sample_sd": 0.18015461111376074
            }
          }
        }
      }
    },
    "c100_e150_c1_ref": {
      "cells": 8,
      "grand_mean": 69.12101918967666,
      "sample_sd_across_cells_descriptive": 0.9305468735344998,
      "pooled_within_teacher_recovery_student_seed_sd": 0.30811175977553257,
      "pooled_within_teacher_recovery_seed_sd_of_student_means": 0.6486191006311436,
      "teacher_seed_sd_of_recovery_student_means": 0.9998579911732087,
      "by_teacher_seed": {
        "43": {
          "mean_over_recovery_and_student_seeds": 68.41401282389452,
          "sample_sd_across_nine_cells": 0.2347776578610225,
          "recovery_seed_sd_of_student_seed_means": 0.1171005101096099,
          "by_recovery_seed": {
            "41": {
              "mean_over_student_seeds": 68.33121025911562,
              "student_seed_sample_sd": 0.14412360642278296
            },
            "42": {
              "mean_over_student_seeds": 68.49681538867344,
              "student_seed_sample_sd": 0.3422936941107058
            }
          }
        },
        "44": {
          "mean_over_recovery_and_student_seeds": 69.8280255554588,
          "sample_sd_across_nine_cells": 0.7952351289545394,
          "recovery_seed_sd_of_student_seed_means": 0.9097807131057332,
          "by_recovery_seed": {
            "41": {
              "mean_over_student_seeds": 69.184713443829,
              "student_seed_sample_sd": 0.2342009308786276
            },
            "42": {
              "mean_over_student_seeds": 70.47133766708859,
              "student_seed_sample_sd": 0.4323710941624377
            }
          }
        }
      }
    },
    "c100_e150_c1_pred": {
      "cells": 8,
      "grand_mean": 69.18471343289515,
      "sample_sd_across_cells_descriptive": 0.6833672408600654,
      "pooled_within_teacher_recovery_student_seed_sd": 0.5210486635545732,
      "pooled_within_teacher_recovery_seed_sd_of_student_means": 0.19837465891252692,
      "teacher_seed_sd_of_recovery_student_means": 0.7116106099550173,
      "by_teacher_seed": {
        "43": {
          "mean_over_recovery_and_student_seeds": 68.68152874503166,
          "sample_sd_across_nine_cells": 0.6154768988522886,
          "recovery_seed_sd_of_student_seed_means": 0.18916234424657744,
          "by_recovery_seed": {
            "41": {
              "mean_over_student_seeds": 68.54777076866976,
              "student_seed_sample_sd": 0.990850184162603
            },
            "42": {
              "mean_over_student_seeds": 68.81528672139356,
              "student_seed_sample_sd": 0.28824740527142506
            }
          }
        },
        "44": {
          "mean_over_recovery_and_student_seeds": 69.68789812075863,
          "sample_sd_across_nine_cells": 0.18880450321269562,
          "recovery_seed_sd_of_student_seed_means": 0.2071777452248724,
          "by_recovery_seed": {
            "41": {
              "mean_over_student_seeds": 69.5414013321992,
              "student_seed_sample_sd": 0.12610817451890186
            },
            "42": {
              "mean_over_student_seeds": 69.83439490931809,
              "student_seed_sample_sd": 0.07206187193491619
            }
          }
        }
      }
    },
    "c100_e200_real_ref": {
      "cells": 8,
      "grand_mean": 70.72292998186342,
      "sample_sd_across_cells_descriptive": 1.0379011008468435,
      "pooled_within_teacher_recovery_student_seed_sd": 0.3754181345822041,
      "pooled_within_teacher_recovery_seed_sd_of_student_means": 0.8782651791367319,
      "teacher_seed_sd_of_recovery_student_means": 0.986346397487282,
      "by_teacher_seed": {
        "43": {
          "mean_over_recovery_and_student_seeds": 70.02547775560124,
          "sample_sd_across_nine_cells": 0.7365069876646387,
          "recovery_seed_sd_of_student_seed_means": 0.8827574999625781,
          "by_recovery_seed": {
            "41": {
              "mean_over_student_seeds": 69.40127394123442,
              "student_seed_sample_sd": 0.2522164074527997
            },
            "42": {
              "mean_over_student_seeds": 70.64968156996807,
              "student_seed_sample_sd": 0.07206181351992019
            }
          }
        },
        "44": {
          "mean_over_recovery_and_student_seeds": 71.4203822081256,
          "sample_sd_across_nine_cells": 0.8209397813872646,
          "recovery_seed_sd_of_student_seed_means": 0.873749761675487,
          "by_recovery_seed": {
            "41": {
              "mean_over_student_seeds": 70.80254782658474,
              "student_seed_sample_sd": 0.03603087411628083
            },
            "42": {
              "mean_over_student_seeds": 72.03821658966648,
              "student_seed_sample_sd": 0.7026029163382173
            }
          }
        }
      }
    },
    "c100_e200_real_pred": {
      "cells": 8,
      "grand_mean": 70.61783444775138,
      "sample_sd_across_cells_descriptive": 1.1853296154802,
      "pooled_within_teacher_recovery_student_seed_sd": 0.3044026254157701,
      "pooled_within_teacher_recovery_seed_sd_of_student_means": 1.1118983516725807,
      "teacher_seed_sd_of_recovery_student_means": 1.0629120930364138,
      "by_teacher_seed": {
        "43": {
          "mean_over_recovery_and_student_seeds": 69.86624209896014,
          "sample_sd_across_nine_cells": 1.225294073956726,
          "recovery_seed_sd_of_student_seed_means": 1.4862754068186013,
          "by_recovery_seed": {
            "41": {
              "mean_over_student_seeds": 68.81528668008792,
              "student_seed_sample_sd": 0.28824732623937166
            },
            "42": {
              "mean_over_student_seeds": 70.91719751783238,
              "student_seed_sample_sd": 0.05404638848839157
            }
          }
        },
        "44": {
          "mean_over_recovery_and_student_seeds": 71.36942679654261,
          "sample_sd_across_nine_cells": 0.5202175532821115,
          "recovery_seed_sd_of_student_seed_means": 0.5134406528417914,
          "by_recovery_seed": {
            "41": {
              "mean_over_student_seeds": 71.00636942918133,
              "student_seed_sample_sd": 0.10809278728531184
            },
            "42": {
              "mean_over_student_seeds": 71.73248416390389,
              "student_seed_sample_sd": 0.5224483224053477
            }
          }
        }
      }
    },
    "c100_e200_c1_ref": {
      "cells": 8,
      "grand_mean": 68.83439494454936,
      "sample_sd_across_cells_descriptive": 0.33015858496829625,
      "pooled_within_teacher_recovery_student_seed_sd": 0.17697379811410233,
      "pooled_within_teacher_recovery_seed_sd_of_student_means": 0.36075923941548804,
      "teacher_seed_sd_of_recovery_student_means": 0.1711468831352084,
      "by_teacher_seed": {
        "43": {
          "mean_over_recovery_and_student_seeds": 68.95541406619321,
          "sample_sd_across_nine_cells": 0.3171948546635051,
          "recovery_seed_sd_of_student_seed_means": 0.34229368723835335,
          "by_recovery_seed": {
            "41": {
              "mean_over_student_seeds": 69.1974522535968,
              "student_seed_sample_sd": 0.21618551959180393
            },
            "42": {
              "mean_over_student_seeds": 68.71337587878962,
              "student_seed_sample_sd": 0.1441235995504305
            }
          }
        },
        "44": {
          "mean_over_recovery_and_student_seeds": 68.71337582290552,
          "sample_sd_across_nine_cells": 0.33863947825344237,
          "recovery_seed_sd_of_student_seed_means": 0.37832458197169155,
          "by_recovery_seed": {
            "41": {
              "mean_over_student_seeds": 68.98089170030727,
              "student_seed_sample_sd": 0.23420097211274243
            },
            "42": {
              "mean_over_student_seeds": 68.44585994550377,
              "student_seed_sample_sd": 0.05404641254162522
            }
          }
        }
      }
    },
    "c100_e200_c1_pred": {
      "cells": 8,
      "grand_mean": 68.6369427237541,
      "sample_sd_across_cells_descriptive": 0.3871078604003743,
      "pooled_within_teacher_recovery_student_seed_sd": 0.4346171464491077,
      "pooled_within_teacher_recovery_seed_sd_of_student_means": 0.22929931203271536,
      "teacher_seed_sd_of_recovery_student_means": 0.14412365796541646,
      "by_teacher_seed": {
        "43": {
          "mean_over_recovery_and_student_seeds": 68.53503190787735,
          "sample_sd_across_nine_cells": 0.5279072671207901,
          "recovery_seed_sd_of_student_seed_means": 0.3242781969194863,
          "by_recovery_seed": {
            "41": {
              "mean_over_student_seeds": 68.76433121991006,
              "student_seed_sample_sd": 0.6845874981790512
            },
            "42": {
              "mean_over_student_seeds": 68.30573259584463,
              "student_seed_sample_sd": 0.3963401410140934
            }
          }
        },
        "44": {
          "mean_over_recovery_and_student_seeds": 68.73885353963087,
          "sample_sd_across_nine_cells": 0.20802460263803477,
          "recovery_seed_sd_of_student_seed_means": 3.4361762355306813e-09,
          "by_recovery_seed": {
            "41": {
              "mean_over_student_seeds": 68.73885354206061,
              "student_seed_sample_sd": 0.28824733654790036
            },
            "42": {
              "mean_over_student_seeds": 68.73885353720112,
              "student_seed_sample_sd": 0.21618551959180393
            }
          }
        }
      }
    },
    "c100_e250_real_ref": {
      "cells": 8,
      "grand_mean": 69.4426752309131,
      "sample_sd_across_cells_descriptive": 0.886132253088577,
      "pooled_within_teacher_recovery_student_seed_sd": 0.5245407717244325,
      "pooled_within_teacher_recovery_seed_sd_of_student_means": 1.014099969824524,
      "teacher_seed_sd_of_recovery_student_means": 0.2657280140243773,
      "by_teacher_seed": {
        "43": {
          "mean_over_recovery_and_student_seeds": 69.25477715024523,
          "sample_sd_across_nine_cells": 1.0703417069468029,
          "recovery_seed_sd_of_student_seed_means": 1.2881053638009494,
          "by_recovery_seed": {
            "41": {
              "mean_over_student_seeds": 68.34394911261882,
              "student_seed_sample_sd": 0.342293769706583
            },
            "42": {
              "mean_over_student_seeds": 70.16560518787165,
              "student_seed_sample_sd": 0.036030925658924365
            }
          }
        },
        "44": {
          "mean_over_recovery_and_student_seeds": 69.63057331158097,
          "sample_sd_across_nine_cells": 0.7696910573098188,
          "recovery_seed_sd_of_student_seed_means": 0.6305410925097784,
          "by_recovery_seed": {
            "41": {
              "mean_over_student_seeds": 69.18471342925054,
              "student_seed_sample_sd": 0.4503865123216138
            },
            "42": {
              "mean_over_student_seeds": 70.07643319391141,
              "student_seed_sample_sd": 0.8827575102711068
            }
          }
        }
      }
    },
    "c100_e250_real_pred": {
      "cells": 8,
      "grand_mean": 69.64968160398446,
      "sample_sd_across_cells_descriptive": 1.3334743554330255,
      "pooled_within_teacher_recovery_student_seed_sd": 0.42211569043155023,
      "pooled_within_teacher_recovery_seed_sd_of_student_means": 1.7108522188016309,
      "teacher_seed_sd_of_recovery_student_means": 0.08106958960493983,
      "by_teacher_seed": {
        "43": {
          "mean_over_recovery_and_student_seeds": 69.70700646054213,
          "sample_sd_across_nine_cells": 1.6816573399022594,
          "recovery_seed_sd_of_student_seed_means": 2.0537623794252595,
          "by_recovery_seed": {
            "41": {
              "mean_over_student_seeds": 68.2547771551047,
              "student_seed_sample_sd": 0.036030935967453076
            },
            "42": {
              "mean_over_student_seeds": 71.15923576597955,
              "student_seed_sample_sd": 0.21618551271945147
            }
          }
        },
        "44": {
          "mean_over_recovery_and_student_seeds": 69.5923567474268,
          "sample_sd_across_nine_cells": 1.1455528005009015,
          "recovery_seed_sd_of_student_seed_means": 1.279097618641526,
          "by_recovery_seed": {
            "41": {
              "mean_over_student_seeds": 68.68789814748581,
              "student_seed_sample_sd": 0.5764946662234582
            },
            "42": {
              "mean_over_student_seeds": 70.49681534736779,
              "student_seed_sample_sd": 0.5764946834043294
            }
          }
        }
      }
    },
    "c100_e250_c1_ref": {
      "cells": 8,
      "grand_mean": 68.16560515628498,
      "sample_sd_across_cells_descriptive": 0.7308404342388121,
      "pooled_within_teacher_recovery_student_seed_sd": 0.5802823851483802,
      "pooled_within_teacher_recovery_seed_sd_of_student_means": 0.421153537898446,
      "teacher_seed_sd_of_recovery_student_means": 0.6485565484668931,
      "by_teacher_seed": {
        "43": {
          "mean_over_recovery_and_student_seeds": 68.62420388968887,
          "sample_sd_across_nine_cells": 0.6273589047163262,
          "recovery_seed_sd_of_student_seed_means": 0.5945102012126063,
          "by_recovery_seed": {
            "41": {
              "mean_over_student_seeds": 68.20382169492686,
              "student_seed_sample_sd": 0.5044328217779419
            },
            "42": {
              "mean_over_student_seeds": 69.04458608445088,
              "student_seed_sample_sd": 0.46840191673607495
            }
          }
        },
        "44": {
          "mean_over_recovery_and_student_seeds": 67.70700642288111,
          "sample_sd_across_nine_cells": 0.5402635807365668,
          "recovery_seed_sd_of_student_seed_means": 0.03603089816951448,
          "by_recovery_seed": {
            "41": {
              "mean_over_student_seeds": 67.68152873045321,
              "student_seed_sample_sd": 0.774664781400781
            },
            "42": {
              "mean_over_student_seeds": 67.73248411530902,
              "student_seed_sample_sd": 0.5224483086606427
            }
          }
        }
      }
    },
    "c100_e250_c1_pred": {
      "cells": 8,
      "grand_mean": 68.34394910350727,
      "sample_sd_across_cells_descriptive": 0.5340777583472979,
      "pooled_within_teacher_recovery_student_seed_sd": 0.5638291900420482,
      "pooled_within_teacher_recovery_seed_sd_of_student_means": 0.04503861498050595,
      "teacher_seed_sd_of_recovery_student_means": 0.4233633292449807,
      "by_teacher_seed": {
        "43": {
          "mean_over_recovery_and_student_seeds": 68.6433121845221,
          "sample_sd_across_nine_cells": 0.40357580213645,
          "recovery_seed_sd_of_student_seed_means": 0.04503862786616499,
          "by_recovery_seed": {
            "41": {
              "mean_over_student_seeds": 68.6751593037016,
              "student_seed_sample_sd": 0.12610822949772163
            },
            "42": {
              "mean_over_student_seeds": 68.6114650653426,
              "student_seed_sample_sd": 0.6845874981790512
            }
          }
        },
        "44": {
          "mean_over_recovery_and_student_seeds": 68.04458602249242,
          "sample_sd_across_nine_cells": 0.5135195696761392,
          "recovery_seed_sd_of_student_seed_means": 0.04503860209484322,
          "by_recovery_seed": {
            "41": {
              "mean_over_student_seeds": 68.012738921536,
              "student_seed_sample_sd": 0.7746647126772663
            },
            "42": {
              "mean_over_student_seeds": 68.07643312344885,
              "student_seed_sample_sd": 0.4323709945133168
            }
          }
        }
      }
    },
    "c100_e300_real_ref": {
      "cells": 8,
      "grand_mean": 69.69108285175008,
      "sample_sd_across_cells_descriptive": 1.2169963385985014,
      "pooled_within_teacher_recovery_student_seed_sd": 0.46256249104593755,
      "pooled_within_teacher_recovery_seed_sd_of_student_means": 1.3033067562389742,
      "teacher_seed_sd_of_recovery_student_means": 0.8242072526391647,
      "by_teacher_seed": {
        "43": {
          "mean_over_recovery_and_student_seeds": 69.10828031430579,
          "sample_sd_across_nine_cells": 1.3053440595657355,
          "recovery_seed_sd_of_student_seed_means": 1.4592522263191106,
          "by_recovery_seed": {
            "41": {
              "mean_over_student_seeds": 68.07643316961398,
              "student_seed_sample_sd": 0.8647420508778159
            },
            "42": {
              "mean_over_student_seeds": 70.1401274589976,
              "student_seed_sample_sd": 0.3242782862600584
            }
          }
        },
        "44": {
          "mean_over_recovery_and_student_seeds": 70.27388538919436,
          "sample_sd_across_nine_cells": 0.9198769653949067,
          "recovery_seed_sd_of_student_seed_means": 1.1259662258251948,
          "by_recovery_seed": {
            "41": {
              "mean_over_student_seeds": 69.47770703552635,
              "student_seed_sample_sd": 6.872352471061363e-09
            },
            "42": {
              "mean_over_student_seeds": 71.07006374286239,
              "student_seed_sample_sd": 0.05404637817986287
            }
          }
        }
      }
    },
    "c100_e300_real_pred": {
      "cells": 8,
      "grand_mean": 69.64649685962944,
      "sample_sd_across_cells_descriptive": 0.7953589840120779,
      "pooled_within_teacher_recovery_student_seed_sd": 0.29506331978519423,
      "pooled_within_teacher_recovery_seed_sd_of_student_means": 0.9061838650433034,
      "teacher_seed_sd_of_recovery_student_means": 0.44588259507159594,
      "by_teacher_seed": {
        "43": {
          "mean_over_recovery_and_student_seeds": 69.33121025304126,
          "sample_sd_across_nine_cells": 0.9542809814058283,
          "recovery_seed_sd_of_student_seed_means": 1.161997108531916,
          "by_recovery_seed": {
            "41": {
              "mean_over_student_seeds": 68.50955421787918,
              "student_seed_sample_sd": 0.07206184444550631
            },
            "42": {
              "mean_over_student_seeds": 70.15286628820334,
              "student_seed_sample_sd": 0.16213915172046978
            }
          }
        },
        "44": {
          "mean_over_recovery_and_student_seeds": 69.96178346621763,
          "sample_sd_across_nine_cells": 0.5480175378493314,
          "recovery_seed_sd_of_student_seed_means": 0.5404637955433336,
          "by_recovery_seed": {
            "41": {
              "mean_over_student_seeds": 69.57961785140311,
              "student_seed_sample_sd": 0.3603091981742878
            },
            "42": {
              "mean_over_student_seeds": 70.34394908103214,
              "student_seed_sample_sd": 0.4323710426197841
            }
          }
        }
      }
    },
    "c100_e300_c1_ref": {
      "cells": 8,
      "grand_mean": 68.72929940922245,
      "sample_sd_across_cells_descriptive": 0.47016796527232424,
      "pooled_within_teacher_recovery_student_seed_sd": 0.5540302988021056,
      "pooled_within_teacher_recovery_seed_sd_of_student_means": 0.13616277768077525,
      "teacher_seed_sd_of_recovery_student_means": 0.247712491061836,
      "by_teacher_seed": {
        "43": {
          "mean_over_recovery_and_student_seeds": 68.55414022700802,
          "sample_sd_across_nine_cells": 0.5936451527607742,
          "recovery_seed_sd_of_student_seed_means": 0.18916230644863885,
          "by_recovery_seed": {
            "41": {
              "mean_over_student_seeds": 68.42038227737329,
              "student_seed_sample_sd": 0.1981700876879329
            },
            "42": {
              "mean_over_student_seeds": 68.68789817664273,
              "student_seed_sample_sd": 0.9728348072375417
            }
          }
        },
        "44": {
          "mean_over_recovery_and_student_seeds": 68.90445859143689,
          "sample_sd_across_nine_cells": 0.2856080028505811,
          "recovery_seed_sd_of_student_seed_means": 0.036030901605700764,
          "by_recovery_seed": {
            "41": {
              "mean_over_student_seeds": 68.92993628629455,
              "student_seed_sample_sd": 0.4503864848321939
            },
            "42": {
              "mean_over_student_seeds": 68.87898089657924,
              "student_seed_sample_sd": 0.19817001896440817
            }
          }
        }
      }
    },
    "c100_e300_c1_pred": {
      "cells": 8,
      "grand_mean": 68.54777079175233,
      "sample_sd_across_cells_descriptive": 0.3185077373886896,
      "pooled_within_teacher_recovery_student_seed_sd": 0.2440413333503344,
      "pooled_within_teacher_recovery_seed_sd_of_student_means": 0.17209239545858862,
      "teacher_seed_sd_of_recovery_student_means": 0.2972551057605675,
      "by_teacher_seed": {
        "43": {
          "mean_over_recovery_and_student_seeds": 68.75796189277794,
          "sample_sd_across_nine_cells": 0.21953742156472703,
          "recovery_seed_sd_of_student_seed_means": 0.009007733132816697,
          "by_recovery_seed": {
            "41": {
              "mean_over_student_seeds": 68.75159246359661,
              "student_seed_sample_sd": 0.19817009456028536
            },
            "42": {
              "mean_over_student_seeds": 68.76433132195928,
              "student_seed_sample_sd": 0.3242782347174249
            }
          }
        },
        "44": {
          "mean_over_recovery_and_student_seeds": 68.3375796907267,
          "sample_sd_across_nine_cells": 0.2658933504436609,
          "recovery_seed_sd_of_student_seed_means": 0.24320864683057317,
          "by_recovery_seed": {
            "41": {
              "mean_over_student_seeds": 68.5095541741438,
              "student_seed_sample_sd": 6.872352471061363e-09
            },
            "42": {
              "mean_over_student_seeds": 68.1656052073096,
              "student_seed_sample_sd": 0.3062628440476486
            }
          }
        }
      }
    }
  },
  "comparisons": {
    "same_label_e008_real_ref_c100_minus_c1": {
      "cells": 8,
      "grand_mean": -12.952229326090237,
      "sample_sd_across_cells_descriptive": 1.0047151795887315,
      "pooled_within_teacher_recovery_student_seed_sd": 0.273069436700692,
      "pooled_within_teacher_recovery_seed_sd_of_student_means": 0.44971038268885705,
      "teacher_seed_sd_of_recovery_student_means": 1.2205472914270215,
      "by_teacher_seed": {
        "43": {
          "mean_over_recovery_and_student_seeds": -12.089172059563317,
          "sample_sd_across_nine_cells": 0.4578904408662343,
          "recovery_seed_sd_of_student_seed_means": 0.5044328389588231,
          "by_recovery_seed": {
            "41": {
              "mean_over_student_seeds": -12.445859940644283,
              "student_seed_sample_sd": 0.054046254477528435
            },
            "42": {
              "mean_over_student_seeds": -11.732484178482352,
              "student_seed_sample_sd": 0.3422937216001157
            }
          }
        },
        "44": {
          "mean_over_recovery_and_student_seeds": -13.815286592617158,
          "sample_sd_across_nine_cells": 0.39926366172524097,
          "recovery_seed_sd_of_student_seed_means": 0.38733237351951183,
          "by_recovery_seed": {
            "41": {
              "mean_over_student_seeds": -14.089171940505885,
              "student_seed_sample_sd": 0.3242783171856445
            },
            "42": {
              "mean_over_student_seeds": -13.54140124472843,
              "student_seed_sample_sd": 0.2702318496651945
            }
          }
        }
      }
    },
    "same_label_e008_real_pred_c100_minus_c1": {
      "cells": 8,
      "grand_mean": -12.878980939099744,
      "sample_sd_across_cells_descriptive": 1.068676231745618,
      "pooled_within_teacher_recovery_student_seed_sd": 0.49974633085111214,
      "pooled_within_teacher_recovery_seed_sd_of_student_means": 0.299430789101462,
      "teacher_seed_sd_of_recovery_student_means": 1.288105338029639,
      "by_teacher_seed": {
        "43": {
          "mean_over_recovery_and_student_seeds": -11.968152919696395,
          "sample_sd_across_nine_cells": 0.6001698714722478,
          "recovery_seed_sd_of_student_seed_means": 0.2071778036398659,
          "by_recovery_seed": {
            "41": {
              "mean_over_student_seeds": -12.11464974956148,
              "student_seed_sample_sd": 0.34229368723835335
            },
            "42": {
              "mean_over_student_seeds": -11.821656089831311,
              "student_seed_sample_sd": 0.936803805982735
            }
          }
        },
        "44": {
          "mean_over_recovery_and_student_seeds": -13.789808958503091,
          "sample_sd_across_nine_cells": 0.30386902155109013,
          "recovery_seed_sd_of_student_seed_means": 0.36931687289211357,
          "by_recovery_seed": {
            "41": {
              "mean_over_student_seeds": -13.528662493274467,
              "student_seed_sample_sd": 0.036030801956579886
            },
            "42": {
              "mean_over_student_seeds": -14.050955423731715,
              "student_seed_sample_sd": 0.0540464881375024
            }
          }
        }
      }
    },
    "same_label_e008_c1_ref_c100_minus_c1": {
      "cells": 8,
      "grand_mean": -13.09235672009219,
      "sample_sd_across_cells_descriptive": 0.8677861953960663,
      "pooled_within_teacher_recovery_student_seed_sd": 0.28184259441149834,
      "pooled_within_teacher_recovery_seed_sd_of_student_means": 0.31469098348818647,
      "teacher_seed_sd_of_recovery_student_means": 1.0674159819379687,
      "by_teacher_seed": {
        "43": {
          "mean_over_recovery_and_student_seeds": -12.337579640916957,
          "sample_sd_across_nine_cells": 0.35752099667044135,
          "recovery_seed_sd_of_student_seed_means": 0.26122418010164317,
          "by_recovery_seed": {
            "41": {
              "mean_over_student_seeds": -12.522293030076725,
              "student_seed_sample_sd": 0.3422937525257018
            },
            "42": {
              "mean_over_student_seeds": -12.152866251757189,
              "student_seed_sample_sd": 0.3603090779081196
            }
          }
        },
        "44": {
          "mean_over_recovery_and_student_seeds": -13.847133799267427,
          "sample_sd_across_nine_cells": 0.33186285484257316,
          "recovery_seed_sd_of_student_seed_means": 0.36030925315310514,
          "by_recovery_seed": {
            "41": {
              "mean_over_student_seeds": -13.592356683038606,
              "student_seed_sample_sd": 0.12610825011477403
            },
            "42": {
              "mean_over_student_seeds": -14.101910915496248,
              "student_seed_sample_sd": 0.23420088964451277
            }
          }
        }
      }
    },
    "same_label_e008_c1_pred_c100_minus_c1": {
      "cells": 8,
      "grand_mean": -12.410828042485912,
      "sample_sd_across_cells_descriptive": 0.9520656695774866,
      "pooled_within_teacher_recovery_student_seed_sd": 0.42009249888179273,
      "pooled_within_teacher_recovery_seed_sd_of_student_means": 0.33371170464560235,
      "teacher_seed_sd_of_recovery_student_means": 1.1394777791360506,
      "by_teacher_seed": {
        "43": {
          "mean_over_recovery_and_student_seeds": -11.605095577847424,
          "sample_sd_across_nine_cells": 0.4366038727766264,
          "recovery_seed_sd_of_student_seed_means": 0.43237093953449957,
          "by_recovery_seed": {
            "41": {
              "mean_over_student_seeds": -11.910828001180267,
              "student_seed_sample_sd": 0.378324557918463
            },
            "42": {
              "mean_over_student_seeds": -11.29936315451458,
              "student_seed_sample_sd": 0.23420097211274243
            }
          }
        },
        "44": {
          "mean_over_recovery_and_student_seeds": -13.2165605071244,
          "sample_sd_across_nine_cells": 0.4395057878140876,
          "recovery_seed_sd_of_student_seed_means": 0.18916229614011768,
          "by_recovery_seed": {
            "41": {
              "mean_over_student_seeds": -13.082802564778905,
              "student_seed_sample_sd": 0.6665719322643019
            },
            "42": {
              "mean_over_student_seeds": -13.350318449469896,
              "student_seed_sample_sd": 0.2522164211975047
            }
          }
        }
      }
    },
    "same_label_e016_real_ref_c100_minus_c1": {
      "cells": 8,
      "grand_mean": -4.1528662499348865,
      "sample_sd_across_cells_descriptive": 1.3599327540460764,
      "pooled_within_teacher_recovery_student_seed_sd": 0.3210090016320718,
      "pooled_within_teacher_recovery_seed_sd_of_student_means": 0.3772507474415968,
      "teacher_seed_sd_of_recovery_student_means": 1.7294840304549775,
      "by_teacher_seed": {
        "43": {
          "mean_over_recovery_and_student_seeds": -2.9299363640463305,
          "sample_sd_across_nine_cells": 0.14261447123720325,
          "recovery_seed_sd_of_student_seed_means": 0.10809274261502581,
          "by_recovery_seed": {
            "41": {
              "mean_over_student_seeds": -3.0063694753464674,
              "student_seed_sample_sd": 0.07206183070080137
            },
            "42": {
              "mean_over_student_seeds": -2.8535032527461937,
              "student_seed_sample_sd": 0.18015458018816458
            }
          }
        },
        "44": {
          "mean_over_recovery_and_student_seeds": -5.3757961358234425,
          "sample_sd_across_nine_cells": 0.5539082234683078,
          "recovery_seed_sd_of_student_seed_means": 0.5224482863254972,
          "by_recovery_seed": {
            "41": {
              "mean_over_student_seeds": -5.006369409743392,
              "student_seed_sample_sd": 0.45038650201307506
            },
            "42": {
              "mean_over_student_seeds": -5.745222861903493,
              "student_seed_sample_sd": 0.41435556604561197
            }
          }
        }
      }
    },
    "same_label_e016_real_pred_c100_minus_c1": {
      "cells": 8,
      "grand_mean": -4.26114644882785,
      "sample_sd_across_cells_descriptive": 1.7170942804496363,
      "pooled_within_teacher_recovery_student_seed_sd": 0.5016909329407492,
      "pooled_within_teacher_recovery_seed_sd_of_student_means": 1.0594330590738965,
      "teacher_seed_sd_of_recovery_student_means": 1.945669587844725,
      "by_teacher_seed": {
        "43": {
          "mean_over_recovery_and_student_seeds": -2.8853502893144096,
          "sample_sd_across_nine_cells": 0.8384126944123134,
          "recovery_seed_sd_of_student_seed_means": 0.9458115906582003,
          "by_recovery_seed": {
            "41": {
              "mean_over_student_seeds": -3.554140078793658,
              "student_seed_sample_sd": 0.4864174104911283
            },
            "42": {
              "mean_over_student_seeds": -2.216560499835161,
              "student_seed_sample_sd": 0.28824730905849044
            }
          }
        },
        "44": {
          "mean_over_recovery_and_student_seeds": -5.63694260834129,
          "sample_sd_across_nine_cells": 1.0626321497362716,
          "recovery_seed_sd_of_student_seed_means": 1.1619970947872262,
          "by_recovery_seed": {
            "41": {
              "mean_over_student_seeds": -4.815286582898175,
              "student_seed_sample_sd": 0.612525670914426
            },
            "42": {
              "mean_over_student_seeds": -6.458598633784405,
              "student_seed_sample_sd": 0.5584792411919297
            }
          }
        }
      }
    },
    "same_label_e016_c1_ref_c100_minus_c1": {
      "cells": 8,
      "grand_mean": -3.7229299496693233,
      "sample_sd_across_cells_descriptive": 0.591333360697184,
      "pooled_within_teacher_recovery_student_seed_sd": 0.21898233643226392,
      "pooled_within_teacher_recovery_seed_sd_of_student_means": 0.7342542996072432,
      "teacher_seed_sd_of_recovery_student_means": 0.1576352147124461,
      "by_teacher_seed": {
        "43": {
          "mean_over_recovery_and_student_seeds": -3.8343948789462914,
          "sample_sd_across_nine_cells": 0.6297685122298979,
          "recovery_seed_sd_of_student_seed_means": 0.7206183740134302,
          "by_recovery_seed": {
            "41": {
              "mean_over_student_seeds": -4.343949017858812,
              "student_seed_sample_sd": 0.3783246644399313
            },
            "42": {
              "mean_over_student_seeds": -3.324840740033771,
              "student_seed_sample_sd": 0.09007720762585264
            }
          }
        },
        "44": {
          "mean_over_recovery_and_student_seeds": -3.6114650203923553,
          "sample_sd_across_nine_cells": 0.6214245525820622,
          "recovery_seed_sd_of_student_seed_means": 0.7476415665395327,
          "by_recovery_seed": {
            "41": {
              "mean_over_student_seeds": -4.140127441989392,
              "student_seed_sample_sd": 0.09007726260468245
            },
            "42": {
              "mean_over_student_seeds": -3.0828025987953183,
              "student_seed_sample_sd": 0.1801546179861132
            }
          }
        }
      }
    },
    "same_label_e016_c1_pred_c100_minus_c1": {
      "cells": 8,
      "grand_mean": -3.388535001475338,
      "sample_sd_across_cells_descriptive": 0.5985905819251329,
      "pooled_within_teacher_recovery_student_seed_sd": 0.4961616166392491,
      "pooled_within_teacher_recovery_seed_sd_of_student_means": 0.5844621199298439,
      "teacher_seed_sd_of_recovery_student_means": 0.19817007566131356,
      "by_teacher_seed": {
        "43": {
          "mean_over_recovery_and_student_seeds": -3.248407597146972,
          "sample_sd_across_nine_cells": 0.7267475694796837,
          "recovery_seed_sd_of_student_seed_means": 0.7746646954963852,
          "by_recovery_seed": {
            "41": {
              "mean_over_student_seeds": -3.796178256478278,
              "student_seed_sample_sd": 0.5044328630120567
            },
            "42": {
              "mean_over_student_seeds": -2.7006369378156663,
              "student_seed_sample_sd": 0.3603093046957411
            }
          }
        },
        "44": {
          "mean_over_recovery_and_student_seeds": -3.528662405803704,
          "sample_sd_across_nine_cells": 0.5055041010720417,
          "recovery_seed_sd_of_student_seed_means": 0.2882473743458339,
          "by_recovery_seed": {
            "41": {
              "mean_over_student_seeds": -3.7324840788628606,
              "student_seed_sample_sd": 0.45038657760895223
            },
            "42": {
              "mean_over_student_seeds": -3.3248407327445477,
              "student_seed_sample_sd": 0.6305410547118399
            }
          }
        }
      }
    },
    "same_label_e032_real_ref_c100_minus_c1": {
      "cells": 8,
      "grand_mean": -0.621019119214095,
      "sample_sd_across_cells_descriptive": 1.1946951069188205,
      "pooled_within_teacher_recovery_student_seed_sd": 1.1605298672206252,
      "pooled_within_teacher_recovery_seed_sd_of_student_means": 0.3770894442256781,
      "teacher_seed_sd_of_recovery_student_means": 1.0043618250959403,
      "by_teacher_seed": {
        "43": {
          "mean_over_recovery_and_student_seeds": -1.3312101765043316,
          "sample_sd_across_nine_cells": 1.1166436867610092,
          "recovery_seed_sd_of_student_seed_means": 0.5134405995810547,
          "by_recovery_seed": {
            "41": {
              "mean_over_student_seeds": -1.6942675062045822,
              "student_seed_sample_sd": 1.7835305486590194
            },
            "42": {
              "mean_over_student_seeds": -0.968152846804081,
              "student_seed_sample_sd": 0.18015452520935485
            }
          }
        },
        "44": {
          "mean_over_recovery_and_student_seeds": 0.08917193807614154,
          "sample_sd_across_nine_cells": 0.8593456264469599,
          "recovery_seed_sd_of_student_seed_means": 0.14412372668894116,
          "by_recovery_seed": {
            "41": {
              "mean_over_student_seeds": 0.19108280254776844,
              "student_seed_sample_sd": 0.6665719975516554
            },
            "42": {
              "mean_over_student_seeds": -0.01273892639548535,
              "student_seed_sample_sd": 1.315128583816477
            }
          }
        }
      }
    },
    "same_label_e032_real_pred_c100_minus_c1": {
      "cells": 8,
      "grand_mean": -1.3917197269998525,
      "sample_sd_across_cells_descriptive": 1.4113255624609893,
      "pooled_within_teacher_recovery_student_seed_sd": 1.0635607373101386,
      "pooled_within_teacher_recovery_seed_sd_of_student_means": 0.6837870373928294,
      "teacher_seed_sd_of_recovery_student_means": 1.3736788457436295,
      "by_teacher_seed": {
        "43": {
          "mean_over_recovery_and_student_seeds": -2.3630573539976822,
          "sample_sd_across_nine_cells": 0.7314587833865179,
          "recovery_seed_sd_of_student_seed_means": 0.8737498767873909,
          "by_recovery_seed": {
            "41": {
              "mean_over_student_seeds": -2.9808918169349568,
              "student_seed_sample_sd": 0.07206183757314379
            },
            "42": {
              "mean_over_student_seeds": -1.7452228910604077,
              "student_seed_sample_sd": 0.27023184966519953
            }
          }
        },
        "44": {
          "mean_over_recovery_and_student_seeds": -0.4203821000020227,
          "sample_sd_across_nine_cells": 1.2635675370997175,
          "recovery_seed_sd_of_student_seed_means": 0.41435561758825545,
          "by_recovery_seed": {
            "41": {
              "mean_over_student_seeds": -0.12738843298262736,
              "student_seed_sample_sd": 1.981700457665788
            },
            "42": {
              "mean_over_student_seeds": -0.713375767021418,
              "student_seed_sample_sd": 0.7206184169656331
            }
          }
        }
      }
    },
    "same_label_e032_c1_ref_c100_minus_c1": {
      "cells": 8,
      "grand_mean": 0.18789807094890065,
      "sample_sd_across_cells_descriptive": 0.3173227633227004,
      "pooled_within_teacher_recovery_student_seed_sd": 0.18217004202496037,
      "pooled_within_teacher_recovery_seed_sd_of_student_means": 0.09969731357247509,
      "teacher_seed_sd_of_recovery_student_means": 0.36481304755981,
      "by_teacher_seed": {
        "43": {
          "mean_over_recovery_and_student_seeds": -0.07006370884597146,
          "sample_sd_across_nine_cells": 0.10683430328541554,
          "recovery_seed_sd_of_student_seed_means": 0.06305406664239856,
          "by_recovery_seed": {
            "41": {
              "mean_over_student_seeds": -0.11464966695019996,
              "student_seed_sample_sd": 0.16213905894371142
            },
            "42": {
              "mean_over_student_seeds": -0.025477750741742966,
              "student_seed_sample_sd": 6.872352471061363e-09
            }
          }
        },
        "44": {
          "mean_over_recovery_and_student_seeds": 0.44585985074377277,
          "sample_sd_across_nine_cells": 0.21467899222198134,
          "recovery_seed_sd_of_student_seed_means": 0.12610826042330778,
          "by_recovery_seed": {
            "41": {
              "mean_over_student_seeds": 0.5350318568527328,
              "student_seed_sample_sd": 0.3242782690791671
            },
            "42": {
              "mean_over_student_seeds": 0.35668784463481273,
              "student_seed_sample_sd": 0.03603091191421942
            }
          }
        }
      }
    },
    "same_label_e032_c1_pred_c100_minus_c1": {
      "cells": 8,
      "grand_mean": 0.6082802766447646,
      "sample_sd_across_cells_descriptive": 0.7939003024539486,
      "pooled_within_teacher_recovery_student_seed_sd": 0.8411984763863242,
      "pooled_within_teacher_recovery_seed_sd_of_student_means": 0.26114648466657653,
      "teacher_seed_sd_of_recovery_student_means": 0.5719909044604126,
      "by_teacher_seed": {
        "43": {
          "mean_over_recovery_and_student_seeds": 0.20382162932378023,
          "sample_sd_across_nine_cells": 0.8344353767467035,
          "recovery_seed_sd_of_student_seed_means": 9.277676338362426e-08,
          "by_recovery_seed": {
            "41": {
              "mean_over_student_seeds": 0.2038215637207017,
              "student_seed_sample_sd": 1.4412366758671493
            },
            "42": {
              "mean_over_student_seeds": 0.20382169492685875,
              "student_seed_sample_sd": 0.10809272887031585
            }
          }
        },
        "44": {
          "mean_over_recovery_and_student_seeds": 1.012738923965749,
          "sample_sd_across_nine_cells": 0.5814929803572568,
          "recovery_seed_sd_of_student_seed_means": 0.36931690038151843,
          "by_recovery_seed": {
            "41": {
              "mean_over_student_seeds": 0.7515924392991806,
              "student_seed_sample_sd": 0.5224482880435954
            },
            "42": {
              "mean_over_student_seeds": 1.2738854086323173,
              "student_seed_sample_sd": 0.6845875394131761
            }
          }
        }
      }
    },
    "same_label_e064_real_ref_c100_minus_c1": {
      "cells": 8,
      "grand_mean": 2.745222909283486,
      "sample_sd_across_cells_descriptive": 0.8761145969970913,
      "pooled_within_teacher_recovery_student_seed_sd": 0.7956431333579159,
      "pooled_within_teacher_recovery_seed_sd_of_student_means": 0.7122944435619999,
      "teacher_seed_sd_of_recovery_student_means": 0.45038650888543,
      "by_teacher_seed": {
        "43": {
          "mean_over_recovery_and_student_seeds": 3.0636942638713087,
          "sample_sd_across_nine_cells": 0.5264194377293552,
          "recovery_seed_sd_of_student_seed_means": 0.22519326131506626,
          "by_recovery_seed": {
            "41": {
              "mean_over_student_seeds": 2.904458581717911,
              "student_seed_sample_sd": 0.5764948002343314
            },
            "42": {
              "mean_over_student_seeds": 3.2229299460247063,
              "student_seed_sample_sd": 0.630541044403311
            }
          }
        },
        "44": {
          "mean_over_recovery_and_student_seeds": 2.426751554695663,
          "sample_sd_across_nine_cells": 1.1150924037492342,
          "recovery_seed_sd_of_student_seed_means": 0.9818425249075753,
          "by_recovery_seed": {
            "41": {
              "mean_over_student_seeds": 3.1210190621151312,
              "student_seed_sample_sd": 1.0268811888535807
            },
            "42": {
              "mean_over_student_seeds": 1.7324840472761949,
              "student_seed_sample_sd": 0.8647420096437011
            }
          }
        }
      }
    },
    "same_label_e064_real_pred_c100_minus_c1": {
      "cells": 8,
      "grand_mean": 0.8184713722034598,
      "sample_sd_across_cells_descriptive": 1.2411022893678934,
      "pooled_within_teacher_recovery_student_seed_sd": 0.9308520304699478,
      "pooled_within_teacher_recovery_seed_sd_of_student_means": 1.3072230012942379,
      "teacher_seed_sd_of_recovery_student_means": 0.34679761307880425,
      "by_teacher_seed": {
        "43": {
          "mean_over_recovery_and_student_seeds": 0.5732484282961288,
          "sample_sd_across_nine_cells": 1.074603720073114,
          "recovery_seed_sd_of_student_seed_means": 0.7206184530454786,
          "by_recovery_seed": {
            "41": {
              "mean_over_student_seeds": 0.0636942334995112,
              "student_seed_sample_sd": 0.7746648432519533
            },
            "42": {
              "mean_over_student_seeds": 1.0828026230927463,
              "student_seed_sample_sd": 1.3511594785498253
            }
          }
        },
        "44": {
          "mean_over_recovery_and_student_seeds": 1.0636943161107908,
          "sample_sd_across_nine_cells": 1.5096302467145204,
          "recovery_seed_sd_of_student_seed_means": 1.702460864559233,
          "by_recovery_seed": {
            "41": {
              "mean_over_student_seeds": 2.267515938145337,
              "student_seed_sample_sd": 0.8287110977294816
            },
            "42": {
              "mean_over_student_seeds": -0.14012730592375533,
              "student_seed_sample_sd": 0.5945101943402539
            }
          }
        }
      }
    },
    "same_label_e064_c1_ref_c100_minus_c1": {
      "cells": 8,
      "grand_mean": 3.573248405213569,
      "sample_sd_across_cells_descriptive": 2.0352457629569844,
      "pooled_within_teacher_recovery_student_seed_sd": 0.7358824747202097,
      "pooled_within_teacher_recovery_seed_sd_of_student_means": 0.8124952272983622,
      "teacher_seed_sd_of_recovery_student_means": 2.4591101625134995,
      "by_teacher_seed": {
        "43": {
          "mean_over_recovery_and_student_seeds": 5.312101876811617,
          "sample_sd_across_nine_cells": 1.03981098501997,
          "recovery_seed_sd_of_student_seed_means": 0.7566493151351475,
          "by_recovery_seed": {
            "41": {
              "mean_over_student_seeds": 5.847133738523837,
              "student_seed_sample_sd": 1.3511594819860016
            },
            "42": {
              "mean_over_student_seeds": 4.777070015099397,
              "student_seed_sample_sd": 0.5224484048735774
            }
          }
        },
        "44": {
          "mean_over_recovery_and_student_seeds": 1.8343949336155205,
          "sample_sd_across_nine_cells": 0.7218183959573278,
          "recovery_seed_sd_of_student_seed_means": 0.8647420440054634,
          "by_recovery_seed": {
            "41": {
              "mean_over_student_seeds": 1.2229299703221415,
              "student_seed_sample_sd": 0.21618547835768911
            },
            "42": {
              "mean_over_student_seeds": 2.4458598969088996,
              "student_seed_sample_sd": 0.14412364078454531
            }
          }
        }
      }
    },
    "same_label_e064_c1_pred_c100_minus_c1": {
      "cells": 8,
      "grand_mean": 2.560509516479101,
      "sample_sd_across_cells_descriptive": 1.9097843756755306,
      "pooled_within_teacher_recovery_student_seed_sd": 0.4630008368845766,
      "pooled_within_teacher_recovery_seed_sd_of_student_means": 0.1794777541894643,
      "teacher_seed_sd_of_recovery_student_means": 2.477125671731341,
      "by_teacher_seed": {
        "43": {
          "mean_over_recovery_and_student_seeds": 4.312101876811614,
          "sample_sd_across_nine_cells": 0.46018834623627153,
          "recovery_seed_sd_of_student_seed_means": 0.11710054103519099,
          "by_recovery_seed": {
            "41": {
              "mean_over_student_seeds": 4.229299290165017,
              "student_seed_sample_sd": 0.5044328149055994
            },
            "42": {
              "mean_over_student_seeds": 4.394904463458211,
              "student_seed_sample_sd": 0.5945102218296738
            }
          }
        },
        "44": {
          "mean_over_recovery_and_student_seeds": 0.8089171561465882,
          "sample_sd_across_nine_cells": 0.3420566301963388,
          "recovery_seed_sd_of_student_seed_means": 0.22519323210756823,
          "by_recovery_seed": {
            "41": {
              "mean_over_student_seeds": 0.6496814946460105,
              "student_seed_sample_sd": 0.4503866016621859
            },
            "42": {
              "mean_over_student_seeds": 0.9681528176471659,
              "student_seed_sample_sd": 0.2161854302512218
            }
          }
        }
      }
    },
    "same_label_e100_real_ref_c100_minus_c1": {
      "cells": 8,
      "grand_mean": 3.133757927159593,
      "sample_sd_across_cells_descriptive": 1.2380023688263229,
      "pooled_within_teacher_recovery_student_seed_sd": 0.3073207059425795,
      "pooled_within_teacher_recovery_seed_sd_of_student_means": 1.6049944549210267,
      "teacher_seed_sd_of_recovery_student_means": 0.10809277268156285,
      "by_teacher_seed": {
        "43": {
          "mean_over_recovery_and_student_seeds": 3.0573247945992037,
          "sample_sd_across_nine_cells": 1.270313536155714,
          "recovery_seed_sd_of_student_seed_means": 1.531314130897701,
          "by_recovery_seed": {
            "41": {
              "mean_over_student_seeds": 1.9745221885146549,
              "student_seed_sample_sd": 0.3783247056740361
            },
            "42": {
              "mean_over_student_seeds": 4.1401274006837525,
              "student_seed_sample_sd": 0.09007731414732599
            }
          }
        },
        "44": {
          "mean_over_recovery_and_student_seeds": 3.210191059719982,
          "sample_sd_across_nine_cells": 1.395316383010421,
          "recovery_seed_sd_of_student_seed_means": 1.6754376840597522,
          "by_recovery_seed": {
            "41": {
              "mean_over_student_seeds": 4.394904407574117,
              "student_seed_sample_sd": 0.2342009549318512
            },
            "42": {
              "mean_over_student_seeds": 2.0254777118658467,
              "student_seed_sample_sd": 0.4143554904497448
            }
          }
        }
      }
    },
    "same_label_e100_real_pred_c100_minus_c1": {
      "cells": 8,
      "grand_mean": 1.2038216675922406,
      "sample_sd_across_cells_descriptive": 0.9142354713956399,
      "pooled_within_teacher_recovery_student_seed_sd": 0.5968258768978324,
      "pooled_within_teacher_recovery_seed_sd_of_student_means": 0.991505194394804,
      "teacher_seed_sd_of_recovery_student_means": 0.3513014263844784,
      "by_teacher_seed": {
        "43": {
          "mean_over_recovery_and_student_seeds": 0.9554140467552692,
          "sample_sd_across_nine_cells": 0.9417566371512435,
          "recovery_seed_sd_of_student_seed_means": 1.0268812129068194,
          "by_recovery_seed": {
            "41": {
              "mean_over_student_seeds": 0.22929937763579034,
              "student_seed_sample_sd": 0.2882474258884825
            },
            "42": {
              "mean_over_student_seeds": 1.681528715874748,
              "student_seed_sample_sd": 0.6845875119237561
            }
          }
        },
        "44": {
          "mean_over_recovery_and_student_seeds": 1.452229288429212,
          "sample_sd_across_nine_cells": 0.9480537995514324,
          "recovery_seed_sd_of_student_seed_means": 0.9548193942326348,
          "by_recovery_seed": {
            "41": {
              "mean_over_student_seeds": 2.1273885568995397,
              "student_seed_sample_sd": 0.3062627787603001
            },
            "42": {
              "mean_over_student_seeds": 0.7770700199588845,
              "student_seed_sample_sd": 0.882757599611689
            }
          }
        }
      }
    },
    "same_label_e100_c1_ref_c100_minus_c1": {
      "cells": 8,
      "grand_mean": 4.312101877419051,
      "sample_sd_across_cells_descriptive": 1.8713173342377354,
      "pooled_within_teacher_recovery_student_seed_sd": 0.9954254705327171,
      "pooled_within_teacher_recovery_seed_sd_of_student_means": 0.651676655286822,
      "teacher_seed_sd_of_recovery_student_means": 2.1708628835215484,
      "by_teacher_seed": {
        "43": {
          "mean_over_recovery_and_student_seeds": 5.847133743383321,
          "sample_sd_across_nine_cells": 0.8875851239944146,
          "recovery_seed_sd_of_student_seed_means": 0.9187883465894541,
          "by_recovery_seed": {
            "41": {
              "mean_over_student_seeds": 5.197452273034742,
              "student_seed_sample_sd": 0.6485564625624772
            },
            "42": {
              "mean_over_student_seeds": 6.4968152137318995,
              "student_seed_sample_sd": 0.5044328698844093
            }
          }
        },
        "44": {
          "mean_over_recovery_and_student_seeds": 2.777070011454782,
          "sample_sd_across_nine_cells": 1.0486173856902972,
          "recovery_seed_sd_of_student_seed_means": 0.07206178087624596,
          "by_recovery_seed": {
            "41": {
              "mean_over_student_seeds": 2.8280253853767547,
              "student_seed_sample_sd": 1.6934532585649371
            },
            "42": {
              "mean_over_student_seeds": 2.7261146375328096,
              "student_seed_sample_sd": 0.6485564934880734
            }
          }
        }
      }
    },
    "same_label_e100_c1_pred_c100_minus_c1": {
      "cells": 8,
      "grand_mean": 4.121019135614869,
      "sample_sd_across_cells_descriptive": 1.7982357751340545,
      "pooled_within_teacher_recovery_student_seed_sd": 1.203198057092852,
      "pooled_within_teacher_recovery_seed_sd_of_student_means": 0.4982829874098587,
      "teacher_seed_sd_of_recovery_student_means": 1.9907082483545515,
      "by_teacher_seed": {
        "43": {
          "mean_over_recovery_and_student_seeds": 5.528662437390366,
          "sample_sd_across_nine_cells": 1.4419872438426447,
          "recovery_seed_sd_of_student_seed_means": 0.5945101977764401,
          "by_recovery_seed": {
            "41": {
              "mean_over_student_seeds": 5.10828024505809,
              "student_seed_sample_sd": 2.1798706553113503
            },
            "42": {
              "mean_over_student_seeds": 5.949044629722643,
              "student_seed_sample_sd": 0.8827575033987644
            }
          }
        },
        "44": {
          "mean_over_recovery_and_student_seeds": 2.713375833839372,
          "sample_sd_across_nine_cells": 0.42657721705130525,
          "recovery_seed_sd_of_student_seed_means": 0.3783245905621322,
          "by_recovery_seed": {
            "41": {
              "mean_over_student_seeds": 2.445859950363264,
              "student_seed_sample_sd": 0.07206182382844889
            },
            "42": {
              "mean_over_student_seeds": 2.9808917173154796,
              "student_seed_sample_sd": 0.5044328183417657
            }
          }
        }
      }
    },
    "same_label_e150_real_ref_c100_minus_c1": {
      "cells": 8,
      "grand_mean": 2.792993645151711,
      "sample_sd_across_cells_descriptive": 1.1453993284505841,
      "pooled_within_teacher_recovery_student_seed_sd": 0.45317030921773316,
      "pooled_within_teacher_recovery_seed_sd_of_student_means": 1.4458037362857037,
      "teacher_seed_sd_of_recovery_student_means": 0.013511654678049838,
      "by_teacher_seed": {
        "43": {
          "mean_over_recovery_and_student_seeds": 2.8025478277996108,
          "sample_sd_across_nine_cells": 0.5074265504440612,
          "recovery_seed_sd_of_student_seed_means": 0.2702317998406491,
          "by_recovery_seed": {
            "41": {
              "mean_over_student_seeds": 2.611465089640042,
              "student_seed_sample_sd": 0.7746647882731335
            },
            "42": {
              "mean_over_student_seeds": 2.9936305659591795,
              "student_seed_sample_sd": 0.16213922044399448
            }
          }
        },
        "44": {
          "mean_over_recovery_and_student_seeds": 2.783439462503811,
          "sample_sd_across_nine_cells": 1.6743557945042733,
          "recovery_seed_sd_of_student_seed_means": 2.0267391697182657,
          "by_recovery_seed": {
            "41": {
              "mean_over_student_seeds": 4.2165604731079895,
              "student_seed_sample_sd": 0.09007727978556362
            },
            "42": {
              "mean_over_student_seeds": 1.350318451899632,
              "student_seed_sample_sd": 0.4323710666730278
            }
          }
        }
      }
    },
    "same_label_e150_real_pred_c100_minus_c1": {
      "cells": 8,
      "grand_mean": 1.0732484289035682,
      "sample_sd_across_cells_descriptive": 1.4177172468869284,
      "pooled_within_teacher_recovery_student_seed_sd": 1.274681278300171,
      "pooled_within_teacher_recovery_seed_sd_of_student_means": 1.0116166080960454,
      "teacher_seed_sd_of_recovery_student_means": 0.9323000124350717,
      "by_teacher_seed": {
        "43": {
          "mean_over_recovery_and_student_seeds": 1.73248408979671,
          "sample_sd_across_nine_cells": 1.5251197757372383,
          "recovery_seed_sd_of_student_seed_means": 1.26108221422705,
          "by_recovery_seed": {
            "41": {
              "mean_over_student_seeds": 0.8407643044830166,
              "student_seed_sample_sd": 1.6213913213426725
            },
            "42": {
              "mean_over_student_seeds": 2.6242038751104033,
              "student_seed_sample_sd": 1.0809275979590296
            }
          }
        },
        "44": {
          "mean_over_recovery_and_student_seeds": 0.4140127680104264,
          "sample_sd_across_nine_cells": 1.0976871292349826,
          "recovery_seed_sd_of_student_seed_means": 0.6755797306844671,
          "by_recovery_seed": {
            "41": {
              "mean_over_student_seeds": 0.8917197768095946,
              "student_seed_sample_sd": 1.1890203371378842
            },
            "42": {
              "mean_over_student_seeds": -0.06369424078874175,
              "student_seed_sample_sd": 1.1349739177238964
            }
          }
        }
      }
    },
    "same_label_e150_c1_ref_c100_minus_c1": {
      "cells": 8,
      "grand_mean": 3.7961783652092986,
      "sample_sd_across_cells_descriptive": 1.6292078256827738,
      "pooled_within_teacher_recovery_student_seed_sd": 0.6675451221433555,
      "pooled_within_teacher_recovery_seed_sd_of_student_means": 0.23489283462597452,
      "teacher_seed_sd_of_recovery_student_means": 2.0357469415080724,
      "by_teacher_seed": {
        "43": {
          "mean_over_recovery_and_student_seeds": 5.235668832329431,
          "sample_sd_across_nine_cells": 0.6735951319740053,
          "recovery_seed_sd_of_student_seed_means": 0.2522164160432353,
          "by_recovery_seed": {
            "41": {
              "mean_over_student_seeds": 5.41401277044017,
              "student_seed_sample_sd": 1.098943074533197
            },
            "42": {
              "mean_over_student_seeds": 5.0573248942186915,
              "student_seed_sample_sd": 0.16213908643312633
            }
          }
        },
        "44": {
          "mean_over_recovery_and_student_seeds": 2.3566878980891666,
          "sample_sd_across_nine_cells": 0.46259173143165827,
          "recovery_seed_sd_of_student_seed_means": 0.21618549210239907,
          "by_recovery_seed": {
            "41": {
              "mean_over_student_seeds": 2.2038216706294094,
              "student_seed_sample_sd": 0.054046302583985684
            },
            "42": {
              "mean_over_student_seeds": 2.5095541255489238,
              "student_seed_sample_sd": 0.7386338694865716
            }
          }
        }
      }
    },
    "same_label_e150_c1_pred_c100_minus_c1": {
      "cells": 8,
      "grand_mean": 3.525477718547652,
      "sample_sd_across_cells_descriptive": 1.8791891254480317,
      "pooled_within_teacher_recovery_student_seed_sd": 0.771568704060021,
      "pooled_within_teacher_recovery_seed_sd_of_student_means": 0.9016957943013989,
      "teacher_seed_sd_of_recovery_student_means": 2.1843745158644503,
      "by_teacher_seed": {
        "43": {
          "mean_over_recovery_and_student_seeds": 5.070063751366487,
          "sample_sd_across_nine_cells": 1.2104815800205968,
          "recovery_seed_sd_of_student_seed_means": 1.2610821626844062,
          "by_recovery_seed": {
            "41": {
              "mean_over_student_seeds": 4.178344002498946,
              "student_seed_sample_sd": 1.080927529235515
            },
            "42": {
              "mean_over_student_seeds": 5.961783500234027,
              "student_seed_sample_sd": 0.21618557113444745
            }
          }
        },
        "44": {
          "mean_over_recovery_and_student_seeds": 1.9808916857288175,
          "sample_sd_across_nine_cells": 0.6423128301887595,
          "recovery_seed_sd_of_student_seed_means": 0.18916233737423,
          "by_recovery_seed": {
            "41": {
              "mean_over_student_seeds": 2.114649657231233,
              "student_seed_sample_sd": 0.5044329111185241
            },
            "42": {
              "mean_over_student_seeds": 1.847133714226402,
              "student_seed_sample_sd": 0.9548193409718981
            }
          }
        }
      }
    },
    "same_label_e200_real_ref_c100_minus_c1": {
      "cells": 8,
      "grand_mean": 2.550955387892998,
      "sample_sd_across_cells_descriptive": 2.0489452704719193,
      "pooled_within_teacher_recovery_student_seed_sd": 0.3254022725510146,
      "pooled_within_teacher_recovery_seed_sd_of_student_means": 1.6555731777583549,
      "teacher_seed_sd_of_recovery_student_means": 2.121320361599568,
      "by_teacher_seed": {
        "43": {
          "mean_over_recovery_and_student_seeds": 1.0509553751368443,
          "sample_sd_across_nine_cells": 1.620907513993673,
          "recovery_seed_sd_of_student_seed_means": 1.9726927863841335,
          "by_recovery_seed": {
            "41": {
              "mean_over_student_seeds": -0.3439490713131619,
              "student_seed_sample_sd": 0.1261082672956703
            },
            "42": {
              "mean_over_student_seeds": 2.4458598215868506,
              "student_seed_sample_sd": 0.2882473812181814
            }
          }
        },
        "44": {
          "mean_over_recovery_and_student_seeds": 4.050955400649151,
          "sample_sd_across_nine_cells": 1.0809275703169012,
          "recovery_seed_sd_of_student_seed_means": 1.2610821798652925,
          "by_recovery_seed": {
            "41": {
              "mean_over_student_seeds": 4.942675161665413,
              "student_seed_sample_sd": 0.46840185144871643
            },
            "42": {
              "mean_over_student_seeds": 3.1592356396328896,
              "student_seed_sample_sd": 0.32427829656857704
            }
          }
        }
      }
    },
    "same_label_e200_real_pred_c100_minus_c1": {
      "cells": 8,
      "grand_mean": 0.7770700315001662,
      "sample_sd_across_cells_descriptive": 1.649233518867666,
      "pooled_within_teacher_recovery_student_seed_sd": 0.18765506960108272,
      "pooled_within_teacher_recovery_seed_sd_of_student_means": 1.4375444729114868,
      "teacher_seed_sd_of_recovery_student_means": 1.6303990501802739,
      "by_teacher_seed": {
        "43": {
          "mean_over_recovery_and_student_seeds": -0.3757961929224116,
          "sample_sd_across_nine_cells": 1.4327105155779827,
          "recovery_seed_sd_of_student_seed_means": 1.7384918623778733,
          "by_recovery_seed": {
            "41": {
              "mean_over_student_seeds": -1.605095577847436,
              "student_seed_sample_sd": 0.3242783000047633
            },
            "42": {
              "mean_over_student_seeds": 0.8535031920026128,
              "student_seed_sample_sd": 0.09007739661554559
            }
          }
        },
        "44": {
          "mean_over_recovery_and_student_seeds": 1.929936255922744,
          "sample_sd_across_nine_cells": 0.8658359895958393,
          "recovery_seed_sd_of_student_seed_means": 1.0539042971933656,
          "by_recovery_seed": {
            "41": {
              "mean_over_student_seeds": 2.6751591311898153,
              "student_seed_sample_sd": 0.10809276666825444
            },
            "42": {
              "mean_over_student_seeds": 1.1847133806556727,
              "student_seed_sample_sd": 0.1261082913488939
            }
          }
        }
      }
    },
    "same_label_e200_c1_ref_c100_minus_c1": {
      "cells": 8,
      "grand_mean": 3.894904443412832,
      "sample_sd_across_cells_descriptive": 0.5103610249513955,
      "pooled_within_teacher_recovery_student_seed_sd": 0.5172194189539323,
      "pooled_within_teacher_recovery_seed_sd_of_student_means": 0.43372937019229196,
      "teacher_seed_sd_of_recovery_student_means": 0.013511614302976559,
      "by_teacher_seed": {
        "43": {
          "mean_over_recovery_and_student_seeds": 3.904458597511244,
          "sample_sd_across_nine_cells": 0.6008904777357206,
          "recovery_seed_sd_of_student_seed_means": 0.5314559954050803,
          "by_recovery_seed": {
            "41": {
              "mean_over_student_seeds": 4.280254735764423,
              "student_seed_sample_sd": 0.6125256502973686
            },
            "42": {
              "mean_over_student_seeds": 3.528662459258065,
              "student_seed_sample_sd": 0.37832456479082044
            }
          }
        },
        "44": {
          "mean_over_recovery_and_student_seeds": 3.8853502893144203,
          "sample_sd_across_nine_cells": 0.4964340429306445,
          "recovery_seed_sd_of_student_seed_means": 0.30626272721766157,
          "by_recovery_seed": {
            "41": {
              "mean_over_student_seeds": 4.101910740554715,
              "student_seed_sample_sd": 0.6845874569449363
            },
            "42": {
              "mean_over_student_seeds": 3.668789838074126,
              "student_seed_sample_sd": 0.28824741901613
            }
          }
        }
      }
    },
    "same_label_e200_c1_pred_c100_minus_c1": {
      "cells": 8,
      "grand_mean": 2.3375795898923446,
      "sample_sd_across_cells_descriptive": 1.2617988714151467,
      "pooled_within_teacher_recovery_student_seed_sd": 1.4803950809012714,
      "pooled_within_teacher_recovery_seed_sd_of_student_means": 0.7152500067553437,
      "teacher_seed_sd_of_recovery_student_means": 0.2882473210851048,
      "by_teacher_seed": {
        "43": {
          "mean_over_recovery_and_student_seeds": 2.133757954494211,
          "sample_sd_across_nine_cells": 1.6802896731956853,
          "recovery_seed_sd_of_student_seed_means": 0.24320858841557214,
          "by_recovery_seed": {
            "41": {
              "mean_over_student_seeds": 2.30573239660567,
              "student_seed_sample_sd": 2.287963384181666
            },
            "42": {
              "mean_over_student_seeds": 1.9617835123827518,
              "student_seed_sample_sd": 1.7655149037122218
            }
          }
        },
        "44": {
          "mean_over_recovery_and_student_seeds": 2.5414012252904783,
          "sample_sd_across_nine_cells": 0.883645576260946,
          "recovery_seed_sd_of_student_seed_means": 0.9818425163171247,
          "by_recovery_seed": {
            "41": {
              "mean_over_student_seeds": 3.2356687266355806,
              "student_seed_sample_sd": 0.61252563998885
            },
            "42": {
              "mean_over_student_seeds": 1.847133723945376,
              "student_seed_sample_sd": 0.19817012892204772
            }
          }
        }
      }
    },
    "same_label_e250_real_ref_c100_minus_c1": {
      "cells": 8,
      "grand_mean": 2.5732483973169042,
      "sample_sd_across_cells_descriptive": 1.0290687110356516,
      "pooled_within_teacher_recovery_student_seed_sd": 0.8958050386763805,
      "pooled_within_teacher_recovery_seed_sd_of_student_means": 0.9888009291496215,
      "teacher_seed_sd_of_recovery_student_means": 0.270231893476444,
      "by_teacher_seed": {
        "43": {
          "mean_over_recovery_and_student_seeds": 2.38216559294683,
          "sample_sd_across_nine_cells": 0.6684358838351897,
          "recovery_seed_sd_of_student_seed_means": 0.5224483602032813,
          "by_recovery_seed": {
            "41": {
              "mean_over_student_seeds": 2.0127388146272978,
              "student_seed_sample_sd": 0.21618559518768113
            },
            "42": {
              "mean_over_student_seeds": 2.751592371266362,
              "student_seed_sample_sd": 0.8647420440054634
            }
          }
        },
        "44": {
          "mean_over_recovery_and_student_seeds": 2.7643312016869785,
          "sample_sd_across_nine_cells": 1.3880869553483781,
          "recovery_seed_sd_of_student_seed_means": 1.2971130505454072,
          "by_recovery_seed": {
            "41": {
              "mean_over_student_seeds": 3.681528635693205,
              "student_seed_sample_sd": 0.8827575480690555
            },
            "42": {
              "mean_over_student_seeds": 1.8471337676807522,
              "student_seed_sample_sd": 1.2790976375404954
            }
          }
        }
      }
    },
    "same_label_e250_real_pred_c100_minus_c1": {
      "cells": 8,
      "grand_mean": 1.0891720036792112,
      "sample_sd_across_cells_descriptive": 1.3036557777527593,
      "pooled_within_teacher_recovery_student_seed_sd": 0.24865252797076326,
      "pooled_within_teacher_recovery_seed_sd_of_student_means": 1.7041758075932476,
      "teacher_seed_sd_of_recovery_student_means": 0.09007726775893926,
      "by_teacher_seed": {
        "43": {
          "mean_over_recovery_and_student_seeds": 1.0254777568161089,
          "sample_sd_across_nine_cells": 1.8851638369162667,
          "recovery_seed_sd_of_student_seed_means": 2.296971091543171,
          "by_recovery_seed": {
            "41": {
              "mean_over_student_seeds": -0.5987260782035335,
              "student_seed_sample_sd": 0.1621391585928323
            },
            "42": {
              "mean_over_student_seeds": 2.6496815918357512,
              "student_seed_sample_sd": 0.2882474258884825
            }
          }
        },
        "44": {
          "mean_over_recovery_and_student_seeds": 1.1528662505423135,
          "sample_sd_across_nine_cells": 0.6331521605845938,
          "recovery_seed_sd_of_student_seed_means": 0.7296260487312458,
          "by_recovery_seed": {
            "41": {
              "mean_over_student_seeds": 0.6369427237541032,
              "student_seed_sample_sd": 0.36030919473811157
            },
            "42": {
              "mean_over_student_seeds": 1.6687897773305238,
              "student_seed_sample_sd": 0.09007728665790606
            }
          }
        }
      }
    },
    "same_label_e250_c1_ref_c100_minus_c1": {
      "cells": 8,
      "grand_mean": 4.50955412554893,
      "sample_sd_across_cells_descriptive": 2.148516845669222,
      "pooled_within_teacher_recovery_student_seed_sd": 1.288766548201201,
      "pooled_within_teacher_recovery_seed_sd_of_student_means": 1.6222418630201287,
      "teacher_seed_sd_of_recovery_student_means": 1.9456696110389058,
      "by_teacher_seed": {
        "43": {
          "mean_over_recovery_and_student_seeds": 5.8853503014631325,
          "sample_sd_across_nine_cells": 2.24791738027154,
          "recovery_seed_sd_of_student_seed_means": 2.233916968203862,
          "by_recovery_seed": {
            "41": {
              "mean_over_student_seeds": 4.3057324646384885,
              "student_seed_sample_sd": 2.0897932071531513
            },
            "42": {
              "mean_over_student_seeds": 7.464968138287777,
              "student_seed_sample_sd": 0.9007729765367453
            }
          }
        },
        "44": {
          "mean_over_recovery_and_student_seeds": 3.1337579496347274,
          "sample_sd_across_nine_cells": 0.8187294762840841,
          "recovery_seed_sd_of_student_seed_means": 0.5224483739479913,
          "by_recovery_seed": {
            "41": {
              "mean_over_student_seeds": 3.5031847376732372,
              "student_seed_sample_sd": 1.1710048536913495
            },
            "42": {
              "mean_over_student_seeds": 2.7643311615962176,
              "student_seed_sample_sd": 0.3062627821964864
            }
          }
        }
      }
    },
    "same_label_e250_c1_pred_c100_minus_c1": {
      "cells": 8,
      "grand_mean": 3.598726118901731,
      "sample_sd_across_cells_descriptive": 1.2671523979325905,
      "pooled_within_teacher_recovery_student_seed_sd": 0.38910885838009984,
      "pooled_within_teacher_recovery_seed_sd_of_student_means": 0.1720924092626594,
      "teacher_seed_sd_of_recovery_student_means": 1.6213914081061236,
      "by_teacher_seed": {
        "43": {
          "mean_over_recovery_and_student_seeds": 4.745222978531176,
          "sample_sd_across_nine_cells": 0.14012744095858842,
          "recovery_seed_sd_of_student_seed_means": 0.009007750313695361,
          "by_recovery_seed": {
            "41": {
              "mean_over_student_seeds": 4.738853537201127,
              "student_seed_sample_sd": 0.18015468327345666
            },
            "42": {
              "mean_over_student_seeds": 4.751592419861225,
              "student_seed_sample_sd": 0.16213916890135097
            }
          }
        },
        "44": {
          "mean_over_recovery_and_student_seeds": 2.4522292592722863,
          "sample_sd_across_nine_cells": 0.4708782237670221,
          "recovery_seed_sd_of_student_seed_means": 0.24320866572953243,
          "by_recovery_seed": {
            "41": {
              "mean_over_student_seeds": 2.2802547624916016,
              "student_seed_sample_sd": 0.7386337182948172
            },
            "42": {
              "mean_over_student_seeds": 2.624203756052971,
              "student_seed_sample_sd": 0.03603088786098577
            }
          }
        }
      }
    },
    "same_label_e300_real_ref_c100_minus_c1": {
      "cells": 8,
      "grand_mean": 4.33121021416537,
      "sample_sd_across_cells_descriptive": 0.6954727550468982,
      "pooled_within_teacher_recovery_student_seed_sd": 0.541213939953607,
      "pooled_within_teacher_recovery_seed_sd_of_student_means": 0.5550545438780153,
      "teacher_seed_sd_of_recovery_student_means": 0.4954251126983539,
      "by_teacher_seed": {
        "43": {
          "mean_over_recovery_and_student_seeds": 3.980891757406255,
          "sample_sd_across_nine_cells": 0.8246214945102993,
          "recovery_seed_sd_of_student_seed_means": 0.7836725162516958,
          "by_recovery_seed": {
            "41": {
              "mean_over_student_seeds": 3.426751606935156,
              "student_seed_sample_sd": 0.01801538379740374
            },
            "42": {
              "mean_over_student_seeds": 4.535031907877354,
              "student_seed_sample_sd": 0.9007730280793838
            }
          }
        },
        "44": {
          "mean_over_recovery_and_student_seeds": 4.681528670924486,
          "sample_sd_across_nine_cells": 0.3483247882335078,
          "recovery_seed_sd_of_student_seed_means": 0.045038657073662995,
          "by_recovery_seed": {
            "41": {
              "mean_over_student_seeds": 4.649681531092163,
              "student_seed_sample_sd": 0.4503865432471899
            },
            "42": {
              "mean_over_student_seeds": 4.7133758107568084,
              "student_seed_sample_sd": 0.3963400997799785
            }
          }
        }
      }
    },
    "same_label_e300_real_pred_c100_minus_c1": {
      "cells": 8,
      "grand_mean": 2.1146496596609676,
      "sample_sd_across_cells_descriptive": 0.8526472106043541,
      "pooled_within_teacher_recovery_student_seed_sd": 0.8551177961864623,
      "pooled_within_teacher_recovery_seed_sd_of_student_means": 0.5815395528172439,
      "teacher_seed_sd_of_recovery_student_means": 0.45038652091204184,
      "by_teacher_seed": {
        "43": {
          "mean_over_recovery_and_student_seeds": 2.433121022752889,
          "sample_sd_across_nine_cells": 0.9556688081650252,
          "recovery_seed_sd_of_student_seed_means": 0.7206184633540073,
          "by_recovery_seed": {
            "41": {
              "mean_over_student_seeds": 1.923566820667041,
              "student_seed_sample_sd": 0.7026029232105798
            },
            "42": {
              "mean_over_student_seeds": 2.9426752248387373,
              "student_seed_sample_sd": 1.0989430401714395
            }
          }
        },
        "44": {
          "mean_over_recovery_and_student_seeds": 1.796178296569046,
          "sample_sd_across_nine_cells": 0.7159492939875954,
          "recovery_seed_sd_of_student_seed_means": 0.3963401736577676,
          "by_recovery_seed": {
            "41": {
              "mean_over_student_seeds": 1.5159234721189847,
              "student_seed_sample_sd": 0.3062627856326626
            },
            "42": {
              "mean_over_student_seeds": 2.0764331210191074,
              "student_seed_sample_sd": 1.0629121385657387
            }
          }
        }
      }
    },
    "same_label_e300_c1_ref_c100_minus_c1": {
      "cells": 8,
      "grand_mean": 6.203821646939419,
      "sample_sd_across_cells_descriptive": 1.368158664510388,
      "pooled_within_teacher_recovery_student_seed_sd": 0.3842828929397171,
      "pooled_within_teacher_recovery_seed_sd_of_student_means": 1.439997667745209,
      "teacher_seed_sd_of_recovery_student_means": 1.0268812515637946,
      "by_teacher_seed": {
        "43": {
          "mean_over_recovery_and_student_seeds": 6.929936343393507,
          "sample_sd_across_nine_cells": 1.6832006194168654,
          "recovery_seed_sd_of_student_seed_means": 2.035746926904321,
          "by_recovery_seed": {
            "41": {
              "mean_over_student_seeds": 5.490445886599787,
              "student_seed_sample_sd": 0.45038646765131274
            },
            "42": {
              "mean_over_student_seeds": 8.369426800187227,
              "student_seed_sample_sd": 0.09007721449821515
            }
          }
        },
        "44": {
          "mean_over_recovery_and_student_seeds": 5.477706950485331,
          "sample_sd_across_nine_cells": 0.35850314924469084,
          "recovery_seed_sd_of_student_seed_means": 0.05404642285015393,
          "by_recovery_seed": {
            "41": {
              "mean_over_student_seeds": 5.51592354258155,
              "student_seed_sample_sd": 0.5945101943402589
            },
            "42": {
              "mean_over_student_seeds": 5.439490358389111,
              "student_seed_sample_sd": 0.16213920326310827
            }
          }
        }
      }
    },
    "same_label_e300_c1_pred_c100_minus_c1": {
      "cells": 8,
      "grand_mean": 5.646496841406367,
      "sample_sd_across_cells_descriptive": 1.599043310261024,
      "pooled_within_teacher_recovery_student_seed_sd": 0.712636058773702,
      "pooled_within_teacher_recovery_seed_sd_of_student_means": 0.23976474818918703,
      "teacher_seed_sd_of_recovery_student_means": 1.9771967156607595,
      "by_teacher_seed": {
        "43": {
          "mean_over_recovery_and_student_seeds": 7.04458604678986,
          "sample_sd_across_nine_cells": 0.7784957518091463,
          "recovery_seed_sd_of_student_seed_means": 0.3242782879781515,
          "by_recovery_seed": {
            "41": {
              "mean_over_student_seeds": 6.815286670368945,
              "student_seed_sample_sd": 0.48641749639552917
            },
            "42": {
              "mean_over_student_seeds": 7.273885423210775,
              "student_seed_sample_sd": 1.1710047437337252
            }
          }
        },
        "44": {
          "mean_over_recovery_and_student_seeds": 4.248407636022874,
          "sample_sd_across_nine_cells": 0.384353240392348,
          "recovery_seed_sd_of_student_seed_means": 0.09908511943984112,
          "by_recovery_seed": {
            "41": {
              "mean_over_student_seeds": 4.178343876152283,
              "student_seed_sample_sd": 0.43237104605596033
            },
            "42": {
              "mean_over_student_seeds": 4.318471395893464,
              "student_seed_sample_sd": 0.48641730740584627
            }
          }
        }
      }
    }
  },
  "selection_manifests": {
    "43": {
      "protocol": "ImageNette early Teacher checkpoint selection by collapsed coarse val accuracy; predicted T = final optimal T * sd(z_e)/sd(z_final)",
      "teacher_seed": 43,
      "training_epochs": [
        8,
        16,
        32,
        64,
        100,
        150,
        200,
        250,
        300
      ],
      "base_optimal_temperature": {
        "C1": 800.0,
        "C100": 200.0
      },
      "endpoint_reuse_audit": {
        "c1": {
          "trajectory_final": "/linxi/dataset/CV-DD/class_in_class/imagenette_early_teacher_trajectories/tseed43/models/c1_tseed43/ResNet18.pth",
          "existing_final": "/linxi/dataset/CV-DD/class_in_class/imagenette_cic_t_official_split_lr0p1_tseeds43_44/tseed43/models/random_c1_pseed42_tseed43/ResNet18.pth",
          "state_dict_exact_match": false,
          "state_dict_comparison": {
            "keys_exact_match": true,
            "exact_match": false,
            "unequal_tensor_count": 102,
            "global_relative_l2_trajectory_denominator": 9.03551052925324e-05,
            "global_cosine": 0.9999999959179775,
            "maximum_absolute_parameter_difference": 1.3159279823303223
          }
        },
        "c100": {
          "trajectory_final": "/linxi/dataset/CV-DD/class_in_class/imagenette_early_teacher_trajectories/tseed43/models/c100_tseed43/ResNet18.pth",
          "existing_final": "/linxi/dataset/CV-DD/class_in_class/imagenette_cic_t_official_split_lr0p1_tseeds43_44/tseed43/models/random_c100_pseed42_tseed43/ResNet18.pth",
          "state_dict_exact_match": false,
          "state_dict_comparison": {
            "keys_exact_match": true,
            "exact_match": false,
            "unequal_tensor_count": 102,
            "global_relative_l2_trajectory_denominator": 0.0008246913917949197,
            "global_cosine": 0.9999996599420564,
            "maximum_absolute_parameter_difference": 33.39770007133484
          }
        }
      },
      "selections": [
        {
          "teacher_seed": 43,
          "C": 1,
          "label": "e008",
          "training_epoch": 8,
          "checkpoint_epoch_index": 7,
          "epoch": 7,
          "actual_train_accuracy": 67.11373957123244,
          "actual_val_accuracy": 65.07006369426752,
          "sd_z": 2.5659354506840115,
          "final_sd_z": 6.362384699700916,
          "predicted_temperature": 322.638202094838,
          "checkpoint": "/linxi/dataset/CV-DD/class_in_class/imagenette_early_teacher_trajectories/tseed43/models/c1_tseed43/checkpoints/epoch_007.pth",
          "teacher_view": "/linxi/dataset/CV-DD/class_in_class/imagenette_early_teacher_downstream/tseed43/teacher_views/c1_e008_e007"
        },
        {
          "teacher_seed": 43,
          "C": 1,
          "label": "e016",
          "training_epoch": 16,
          "checkpoint_epoch_index": 15,
          "epoch": 15,
          "actual_train_accuracy": 82.73312915830606,
          "actual_val_accuracy": 78.52229299363057,
          "sd_z": 3.502729452365797,
          "final_sd_z": 6.362384699700916,
          "predicted_temperature": 440.42975930461466,
          "checkpoint": "/linxi/dataset/CV-DD/class_in_class/imagenette_early_teacher_trajectories/tseed43/models/c1_tseed43/checkpoints/epoch_015.pth",
          "teacher_view": "/linxi/dataset/CV-DD/class_in_class/imagenette_early_teacher_downstream/tseed43/teacher_views/c1_e016_e015"
        },
        {
          "teacher_seed": 43,
          "C": 1,
          "label": "e032",
          "training_epoch": 32,
          "checkpoint_epoch_index": 31,
          "epoch": 31,
          "actual_train_accuracy": 89.97782236772626,
          "actual_val_accuracy": 83.13375796178345,
          "sd_z": 3.9172212805016002,
          "final_sd_z": 6.362384699700916,
          "predicted_temperature": 492.5475544646951,
          "checkpoint": "/linxi/dataset/CV-DD/class_in_class/imagenette_early_teacher_trajectories/tseed43/models/c1_tseed43/checkpoints/epoch_031.pth",
          "teacher_view": "/linxi/dataset/CV-DD/class_in_class/imagenette_early_teacher_downstream/tseed43/teacher_views/c1_e032_e031"
        },
        {
          "teacher_seed": 43,
          "C": 1,
          "label": "e064",
          "training_epoch": 64,
          "checkpoint_epoch_index": 63,
          "epoch": 63,
          "actual_train_accuracy": 98.76438905903474,
          "actual_val_accuracy": 88.61146496815287,
          "sd_z": 4.977783682703112,
          "final_sd_z": 6.362384699700916,
          "predicted_temperature": 625.9016287320204,
          "checkpoint": "/linxi/dataset/CV-DD/class_in_class/imagenette_early_teacher_trajectories/tseed43/models/c1_tseed43/checkpoints/epoch_063.pth",
          "teacher_view": "/linxi/dataset/CV-DD/class_in_class/imagenette_early_teacher_downstream/tseed43/teacher_views/c1_e064_e063"
        },
        {
          "teacher_seed": 43,
          "C": 1,
          "label": "e100",
          "training_epoch": 100,
          "checkpoint_epoch_index": 99,
          "epoch": 99,
          "actual_train_accuracy": 99.80990600908227,
          "actual_val_accuracy": 89.65605095541402,
          "sd_z": 5.230963144572756,
          "final_sd_z": 6.362384699700916,
          "predicted_temperature": 657.736165475018,
          "checkpoint": "/linxi/dataset/CV-DD/class_in_class/imagenette_early_teacher_trajectories/tseed43/models/c1_tseed43/checkpoints/epoch_099.pth",
          "teacher_view": "/linxi/dataset/CV-DD/class_in_class/imagenette_early_teacher_downstream/tseed43/teacher_views/c1_e100_e099"
        },
        {
          "teacher_seed": 43,
          "C": 1,
          "label": "e150",
          "training_epoch": 150,
          "checkpoint_epoch_index": 149,
          "epoch": 149,
          "actual_train_accuracy": 97.75055444080684,
          "actual_val_accuracy": 87.38853503184713,
          "sd_z": 5.480519434409905,
          "final_sd_z": 6.362384699700916,
          "predicted_temperature": 689.1151281270413,
          "checkpoint": "/linxi/dataset/CV-DD/class_in_class/imagenette_early_teacher_trajectories/tseed43/models/c1_tseed43/checkpoints/epoch_149.pth",
          "teacher_view": "/linxi/dataset/CV-DD/class_in_class/imagenette_early_teacher_downstream/tseed43/teacher_views/c1_e150_e149"
        },
        {
          "teacher_seed": 43,
          "C": 1,
          "label": "e200",
          "training_epoch": 200,
          "checkpoint_epoch_index": 199,
          "epoch": 199,
          "actual_train_accuracy": 97.06410391804837,
          "actual_val_accuracy": 85.78343949044586,
          "sd_z": 5.68067647093345,
          "final_sd_z": 6.362384699700916,
          "predicted_temperature": 714.2826772106989,
          "checkpoint": "/linxi/dataset/CV-DD/class_in_class/imagenette_early_teacher_trajectories/tseed43/models/c1_tseed43/checkpoints/epoch_199.pth",
          "teacher_view": "/linxi/dataset/CV-DD/class_in_class/imagenette_early_teacher_downstream/tseed43/teacher_views/c1_e200_e199"
        },
        {
          "teacher_seed": 43,
          "C": 1,
          "label": "e250",
          "training_epoch": 250,
          "checkpoint_epoch_index": 249,
          "epoch": 249,
          "actual_train_accuracy": 99.94719611363396,
          "actual_val_accuracy": 90.24203821656052,
          "sd_z": 6.167239211818462,
          "final_sd_z": 6.362384699700916,
          "predicted_temperature": 775.462598117762,
          "checkpoint": "/linxi/dataset/CV-DD/class_in_class/imagenette_early_teacher_trajectories/tseed43/models/c1_tseed43/checkpoints/epoch_249.pth",
          "teacher_view": "/linxi/dataset/CV-DD/class_in_class/imagenette_early_teacher_downstream/tseed43/teacher_views/c1_e250_e249"
        },
        {
          "teacher_seed": 43,
          "C": 1,
          "label": "e300",
          "training_epoch": 300,
          "checkpoint_epoch_index": 299,
          "epoch": 299,
          "actual_train_accuracy": 100.0,
          "actual_val_accuracy": 91.28662420382166,
          "sd_z": 6.362384699700916,
          "final_sd_z": 6.362384699700916,
          "predicted_temperature": 800.0,
          "checkpoint": "/linxi/dataset/CV-DD/class_in_class/imagenette_early_teacher_trajectories/tseed43/models/c1_tseed43/checkpoints/epoch_299.pth",
          "teacher_view": "/linxi/dataset/CV-DD/class_in_class/imagenette_early_teacher_downstream/tseed43/teacher_views/c1_e300_e299"
        },
        {
          "teacher_seed": 43,
          "C": 100,
          "label": "e008",
          "training_epoch": 8,
          "checkpoint_epoch_index": 7,
          "epoch": 7,
          "actual_train_accuracy": 2.2388847819199493,
          "actual_val_accuracy": 57.70700636942675,
          "sd_z": 1.4025484576641787,
          "final_sd_z": 2.7060675021975333,
          "predicted_temperature": 103.6595322566937,
          "checkpoint": "/linxi/dataset/CV-DD/class_in_class/imagenette_early_teacher_trajectories/tseed43/models/c100_tseed43/checkpoints/epoch_007.pth",
          "teacher_view": "/linxi/dataset/CV-DD/class_in_class/imagenette_early_teacher_downstream/tseed43/teacher_views/c100_e008_e007"
        },
        {
          "teacher_seed": 43,
          "C": 100,
          "label": "e016",
          "training_epoch": 16,
          "checkpoint_epoch_index": 15,
          "epoch": 15,
          "actual_train_accuracy": 5.195902418417996,
          "actual_val_accuracy": 61.70700636942675,
          "sd_z": 1.8026811652643087,
          "final_sd_z": 2.7060675021975333,
          "predicted_temperature": 133.23253494603472,
          "checkpoint": "/linxi/dataset/CV-DD/class_in_class/imagenette_early_teacher_trajectories/tseed43/models/c100_tseed43/checkpoints/epoch_015.pth",
          "teacher_view": "/linxi/dataset/CV-DD/class_in_class/imagenette_early_teacher_downstream/tseed43/teacher_views/c100_e016_e015"
        },
        {
          "teacher_seed": 43,
          "C": 100,
          "label": "e032",
          "training_epoch": 32,
          "checkpoint_epoch_index": 31,
          "epoch": 31,
          "actual_train_accuracy": 26.739888055760904,
          "actual_val_accuracy": 77.04458598726114,
          "sd_z": 2.084024760960824,
          "final_sd_z": 2.7060675021975333,
          "predicted_temperature": 154.02607357491542,
          "checkpoint": "/linxi/dataset/CV-DD/class_in_class/imagenette_early_teacher_trajectories/tseed43/models/c100_tseed43/checkpoints/epoch_031.pth",
          "teacher_view": "/linxi/dataset/CV-DD/class_in_class/imagenette_early_teacher_downstream/tseed43/teacher_views/c100_e032_e031"
        },
        {
          "teacher_seed": 43,
          "C": 100,
          "label": "e064",
          "training_epoch": 64,
          "checkpoint_epoch_index": 63,
          "epoch": 63,
          "actual_train_accuracy": 88.0029570176365,
          "actual_val_accuracy": 79.7452229299363,
          "sd_z": 2.607349920879674,
          "final_sd_z": 2.7060675021975333,
          "predicted_temperature": 192.70398234798702,
          "checkpoint": "/linxi/dataset/CV-DD/class_in_class/imagenette_early_teacher_trajectories/tseed43/models/c100_tseed43/checkpoints/epoch_063.pth",
          "teacher_view": "/linxi/dataset/CV-DD/class_in_class/imagenette_early_teacher_downstream/tseed43/teacher_views/c100_e064_e063"
        },
        {
          "teacher_seed": 43,
          "C": 100,
          "label": "e100",
          "training_epoch": 100,
          "checkpoint_epoch_index": 99,
          "epoch": 99,
          "actual_train_accuracy": 98.91223994085965,
          "actual_val_accuracy": 82.24203821656052,
          "sd_z": 2.7021954253904883,
          "final_sd_z": 2.7060675021975333,
          "predicted_temperature": 199.71382260021963,
          "checkpoint": "/linxi/dataset/CV-DD/class_in_class/imagenette_early_teacher_trajectories/tseed43/models/c100_tseed43/checkpoints/epoch_099.pth",
          "teacher_view": "/linxi/dataset/CV-DD/class_in_class/imagenette_early_teacher_downstream/tseed43/teacher_views/c100_e100_e099"
        },
        {
          "teacher_seed": 43,
          "C": 100,
          "label": "e150",
          "training_epoch": 150,
          "checkpoint_epoch_index": 149,
          "epoch": 149,
          "actual_train_accuracy": 96.6733551589397,
          "actual_val_accuracy": 79.82165605095541,
          "sd_z": 2.941535847975201,
          "final_sd_z": 2.7060675021975333,
          "predicted_temperature": 217.40299128432306,
          "checkpoint": "/linxi/dataset/CV-DD/class_in_class/imagenette_early_teacher_trajectories/tseed43/models/c100_tseed43/checkpoints/epoch_149.pth",
          "teacher_view": "/linxi/dataset/CV-DD/class_in_class/imagenette_early_teacher_downstream/tseed43/teacher_views/c100_e150_e149"
        },
        {
          "teacher_seed": 43,
          "C": 100,
          "label": "e200",
          "training_epoch": 200,
          "checkpoint_epoch_index": 199,
          "epoch": 199,
          "actual_train_accuracy": 98.47924807265815,
          "actual_val_accuracy": 79.49044585987261,
          "sd_z": 2.655503419783746,
          "final_sd_z": 2.7060675021975333,
          "predicted_temperature": 196.26291048743423,
          "checkpoint": "/linxi/dataset/CV-DD/class_in_class/imagenette_early_teacher_trajectories/tseed43/models/c100_tseed43/checkpoints/epoch_199.pth",
          "teacher_view": "/linxi/dataset/CV-DD/class_in_class/imagenette_early_teacher_downstream/tseed43/teacher_views/c100_e200_e199"
        },
        {
          "teacher_seed": 43,
          "C": 100,
          "label": "e250",
          "training_epoch": 250,
          "checkpoint_epoch_index": 249,
          "epoch": 249,
          "actual_train_accuracy": 99.97887844545359,
          "actual_val_accuracy": 79.71974522292993,
          "sd_z": 2.716617961076386,
          "final_sd_z": 2.7060675021975333,
          "predicted_temperature": 200.77976317074754,
          "checkpoint": "/linxi/dataset/CV-DD/class_in_class/imagenette_early_teacher_trajectories/tseed43/models/c100_tseed43/checkpoints/epoch_249.pth",
          "teacher_view": "/linxi/dataset/CV-DD/class_in_class/imagenette_early_teacher_downstream/tseed43/teacher_views/c100_e250_e249"
        },
        {
          "teacher_seed": 43,
          "C": 100,
          "label": "e300",
          "training_epoch": 300,
          "checkpoint_epoch_index": 299,
          "epoch": 299,
          "actual_train_accuracy": 100.0,
          "actual_val_accuracy": 80.68789808917198,
          "sd_z": 2.7060675021975333,
          "final_sd_z": 2.7060675021975333,
          "predicted_temperature": 200.0,
          "checkpoint": "/linxi/dataset/CV-DD/class_in_class/imagenette_early_teacher_trajectories/tseed43/models/c100_tseed43/checkpoints/epoch_299.pth",
          "teacher_view": "/linxi/dataset/CV-DD/class_in_class/imagenette_early_teacher_downstream/tseed43/teacher_views/c100_e300_e299"
        }
      ]
    },
    "44": {
      "protocol": "ImageNette early Teacher checkpoint selection by collapsed coarse val accuracy; predicted T = final optimal T * sd(z_e)/sd(z_final)",
      "teacher_seed": 44,
      "training_epochs": [
        8,
        16,
        32,
        64,
        100,
        150,
        200,
        250,
        300
      ],
      "base_optimal_temperature": {
        "C1": 800.0,
        "C100": 200.0
      },
      "endpoint_reuse_audit": {
        "c1": {
          "trajectory_final": "/linxi/dataset/CV-DD/class_in_class/imagenette_early_teacher_trajectories/tseed44/models/c1_tseed44/ResNet18.pth",
          "existing_final": "/linxi/dataset/CV-DD/class_in_class/imagenette_cic_t_official_split_lr0p1_tseeds43_44/tseed44/models/random_c1_pseed42_tseed44/ResNet18.pth",
          "state_dict_exact_match": true,
          "state_dict_comparison": {
            "keys_exact_match": true,
            "exact_match": true,
            "unequal_tensor_count": 0,
            "global_relative_l2_trajectory_denominator": 0.0,
            "global_cosine": 1.0,
            "maximum_absolute_parameter_difference": 0.0
          }
        },
        "c100": {
          "trajectory_final": "/linxi/dataset/CV-DD/class_in_class/imagenette_early_teacher_trajectories/tseed44/models/c100_tseed44/ResNet18.pth",
          "existing_final": "/linxi/dataset/CV-DD/class_in_class/imagenette_cic_t_official_split_lr0p1_tseeds43_44/tseed44/models/random_c100_pseed42_tseed44/ResNet18.pth",
          "state_dict_exact_match": false,
          "state_dict_comparison": {
            "keys_exact_match": true,
            "exact_match": false,
            "unequal_tensor_count": 102,
            "global_relative_l2_trajectory_denominator": 0.0007961905586107117,
            "global_cosine": 0.9999996830402985,
            "maximum_absolute_parameter_difference": 24.856022834777832
          }
        }
      },
      "selections": [
        {
          "teacher_seed": 44,
          "C": 1,
          "label": "e008",
          "training_epoch": 8,
          "checkpoint_epoch_index": 7,
          "epoch": 7,
          "actual_train_accuracy": 75.50955750343225,
          "actual_val_accuracy": 72.0,
          "sd_z": 2.2735175437796604,
          "final_sd_z": 6.425683428358843,
          "predicted_temperature": 283.0537880214656,
          "checkpoint": "/linxi/dataset/CV-DD/class_in_class/imagenette_early_teacher_trajectories/tseed44/models/c1_tseed44/checkpoints/epoch_007.pth",
          "teacher_view": "/linxi/dataset/CV-DD/class_in_class/imagenette_early_teacher_downstream/tseed44/teacher_views/c1_e008_e007"
        },
        {
          "teacher_seed": 44,
          "C": 1,
          "label": "e016",
          "training_epoch": 16,
          "checkpoint_epoch_index": 15,
          "epoch": 15,
          "actual_train_accuracy": 81.39191044460873,
          "actual_val_accuracy": 76.53503184713375,
          "sd_z": 3.2231270372775604,
          "final_sd_z": 6.425683428358843,
          "predicted_temperature": 401.28052658837765,
          "checkpoint": "/linxi/dataset/CV-DD/class_in_class/imagenette_early_teacher_trajectories/tseed44/models/c1_tseed44/checkpoints/epoch_015.pth",
          "teacher_view": "/linxi/dataset/CV-DD/class_in_class/imagenette_early_teacher_downstream/tseed44/teacher_views/c1_e016_e015"
        },
        {
          "teacher_seed": 44,
          "C": 1,
          "label": "e032",
          "training_epoch": 32,
          "checkpoint_epoch_index": 31,
          "epoch": 31,
          "actual_train_accuracy": 84.80304150385469,
          "actual_val_accuracy": 77.4267515923567,
          "sd_z": 4.273641503539755,
          "final_sd_z": 6.425683428358843,
          "predicted_temperature": 532.0699721593684,
          "checkpoint": "/linxi/dataset/CV-DD/class_in_class/imagenette_early_teacher_trajectories/tseed44/models/c1_tseed44/checkpoints/epoch_031.pth",
          "teacher_view": "/linxi/dataset/CV-DD/class_in_class/imagenette_early_teacher_downstream/tseed44/teacher_views/c1_e032_e031"
        },
        {
          "teacher_seed": 44,
          "C": 1,
          "label": "e064",
          "training_epoch": 64,
          "checkpoint_epoch_index": 63,
          "epoch": 63,
          "actual_train_accuracy": 98.1201816453691,
          "actual_val_accuracy": 87.92356687898089,
          "sd_z": 4.919706532817117,
          "final_sd_z": 6.425683428358843,
          "predicted_temperature": 612.5053109345151,
          "checkpoint": "/linxi/dataset/CV-DD/class_in_class/imagenette_early_teacher_trajectories/tseed44/models/c1_tseed44/checkpoints/epoch_063.pth",
          "teacher_view": "/linxi/dataset/CV-DD/class_in_class/imagenette_early_teacher_downstream/tseed44/teacher_views/c1_e064_e063"
        },
        {
          "teacher_seed": 44,
          "C": 1,
          "label": "e100",
          "training_epoch": 100,
          "checkpoint_epoch_index": 99,
          "epoch": 99,
          "actual_train_accuracy": 99.85214911817509,
          "actual_val_accuracy": 90.06369426751593,
          "sd_z": 5.25765280518853,
          "final_sd_z": 6.425683428358843,
          "predicted_temperature": 654.5797487606844,
          "checkpoint": "/linxi/dataset/CV-DD/class_in_class/imagenette_early_teacher_trajectories/tseed44/models/c1_tseed44/checkpoints/epoch_099.pth",
          "teacher_view": "/linxi/dataset/CV-DD/class_in_class/imagenette_early_teacher_downstream/tseed44/teacher_views/c1_e100_e099"
        },
        {
          "teacher_seed": 44,
          "C": 1,
          "label": "e150",
          "training_epoch": 150,
          "checkpoint_epoch_index": 149,
          "epoch": 149,
          "actual_train_accuracy": 98.05681698172985,
          "actual_val_accuracy": 87.59235668789809,
          "sd_z": 5.573099968239829,
          "final_sd_z": 6.425683428358843,
          "predicted_temperature": 693.8530390269451,
          "checkpoint": "/linxi/dataset/CV-DD/class_in_class/imagenette_early_teacher_trajectories/tseed44/models/c1_tseed44/checkpoints/epoch_149.pth",
          "teacher_view": "/linxi/dataset/CV-DD/class_in_class/imagenette_early_teacher_downstream/tseed44/teacher_views/c1_e150_e149"
        },
        {
          "teacher_seed": 44,
          "C": 1,
          "label": "e200",
          "training_epoch": 200,
          "checkpoint_epoch_index": 199,
          "epoch": 199,
          "actual_train_accuracy": 98.17298553173514,
          "actual_val_accuracy": 87.38853503184713,
          "sd_z": 5.299506226423221,
          "final_sd_z": 6.425683428358843,
          "predicted_temperature": 659.7905154224811,
          "checkpoint": "/linxi/dataset/CV-DD/class_in_class/imagenette_early_teacher_trajectories/tseed44/models/c1_tseed44/checkpoints/epoch_199.pth",
          "teacher_view": "/linxi/dataset/CV-DD/class_in_class/imagenette_early_teacher_downstream/tseed44/teacher_views/c1_e200_e199"
        },
        {
          "teacher_seed": 44,
          "C": 1,
          "label": "e250",
          "training_epoch": 250,
          "checkpoint_epoch_index": 249,
          "epoch": 249,
          "actual_train_accuracy": 99.83102756362868,
          "actual_val_accuracy": 89.55414012738854,
          "sd_z": 6.363085377648059,
          "final_sd_z": 6.425683428358843,
          "predicted_temperature": 792.2065191777714,
          "checkpoint": "/linxi/dataset/CV-DD/class_in_class/imagenette_early_teacher_trajectories/tseed44/models/c1_tseed44/checkpoints/epoch_249.pth",
          "teacher_view": "/linxi/dataset/CV-DD/class_in_class/imagenette_early_teacher_downstream/tseed44/teacher_views/c1_e250_e249"
        },
        {
          "teacher_seed": 44,
          "C": 1,
          "label": "e300",
          "training_epoch": 300,
          "checkpoint_epoch_index": 299,
          "epoch": 299,
          "actual_train_accuracy": 100.0,
          "actual_val_accuracy": 91.03184713375796,
          "sd_z": 6.425683428358843,
          "final_sd_z": 6.425683428358843,
          "predicted_temperature": 800.0,
          "checkpoint": "/linxi/dataset/CV-DD/class_in_class/imagenette_early_teacher_trajectories/tseed44/models/c1_tseed44/checkpoints/epoch_299.pth",
          "teacher_view": "/linxi/dataset/CV-DD/class_in_class/imagenette_early_teacher_downstream/tseed44/teacher_views/c1_e300_e299"
        },
        {
          "teacher_seed": 44,
          "C": 100,
          "label": "e008",
          "training_epoch": 8,
          "checkpoint_epoch_index": 7,
          "epoch": 7,
          "actual_train_accuracy": 1.9326222409969374,
          "actual_val_accuracy": 57.78343949044586,
          "sd_z": 1.2733433941207706,
          "final_sd_z": 2.676153722100675,
          "predicted_temperature": 95.16220115496552,
          "checkpoint": "/linxi/dataset/CV-DD/class_in_class/imagenette_early_teacher_trajectories/tseed44/models/c100_tseed44/checkpoints/epoch_007.pth",
          "teacher_view": "/linxi/dataset/CV-DD/class_in_class/imagenette_early_teacher_downstream/tseed44/teacher_views/c100_e008_e007"
        },
        {
          "teacher_seed": 44,
          "C": 100,
          "label": "e016",
          "training_epoch": 16,
          "checkpoint_epoch_index": 15,
          "epoch": 15,
          "actual_train_accuracy": 5.998521491181751,
          "actual_val_accuracy": 70.24203821656052,
          "sd_z": 1.7261237841463284,
          "final_sd_z": 2.676153722100675,
          "predicted_temperature": 129.0003462724398,
          "checkpoint": "/linxi/dataset/CV-DD/class_in_class/imagenette_early_teacher_trajectories/tseed44/models/c100_tseed44/checkpoints/epoch_015.pth",
          "teacher_view": "/linxi/dataset/CV-DD/class_in_class/imagenette_early_teacher_downstream/tseed44/teacher_views/c100_e016_e015"
        },
        {
          "teacher_seed": 44,
          "C": 100,
          "label": "e032",
          "training_epoch": 32,
          "checkpoint_epoch_index": 31,
          "epoch": 31,
          "actual_train_accuracy": 25.176893019326222,
          "actual_val_accuracy": 76.68789808917198,
          "sd_z": 2.2307168950901644,
          "final_sd_z": 2.676153722100675,
          "predicted_temperature": 166.71066962021447,
          "checkpoint": "/linxi/dataset/CV-DD/class_in_class/imagenette_early_teacher_trajectories/tseed44/models/c100_tseed44/checkpoints/epoch_031.pth",
          "teacher_view": "/linxi/dataset/CV-DD/class_in_class/imagenette_early_teacher_downstream/tseed44/teacher_views/c100_e032_e031"
        },
        {
          "teacher_seed": 44,
          "C": 100,
          "label": "e064",
          "training_epoch": 64,
          "checkpoint_epoch_index": 63,
          "epoch": 63,
          "actual_train_accuracy": 88.5837997676629,
          "actual_val_accuracy": 81.27388535031847,
          "sd_z": 2.678001369477836,
          "final_sd_z": 2.676153722100675,
          "predicted_temperature": 200.13808230535506,
          "checkpoint": "/linxi/dataset/CV-DD/class_in_class/imagenette_early_teacher_trajectories/tseed44/models/c100_tseed44/checkpoints/epoch_063.pth",
          "teacher_view": "/linxi/dataset/CV-DD/class_in_class/imagenette_early_teacher_downstream/tseed44/teacher_views/c100_e064_e063"
        },
        {
          "teacher_seed": 44,
          "C": 100,
          "label": "e100",
          "training_epoch": 100,
          "checkpoint_epoch_index": 99,
          "epoch": 99,
          "actual_train_accuracy": 98.65878128630267,
          "actual_val_accuracy": 82.26751592356688,
          "sd_z": 2.715076572955129,
          "final_sd_z": 2.676153722100675,
          "predicted_temperature": 202.90886510240534,
          "checkpoint": "/linxi/dataset/CV-DD/class_in_class/imagenette_early_teacher_trajectories/tseed44/models/c100_tseed44/checkpoints/epoch_099.pth",
          "teacher_view": "/linxi/dataset/CV-DD/class_in_class/imagenette_early_teacher_downstream/tseed44/teacher_views/c100_e100_e099"
        },
        {
          "teacher_seed": 44,
          "C": 100,
          "label": "e150",
          "training_epoch": 150,
          "checkpoint_epoch_index": 149,
          "epoch": 149,
          "actual_train_accuracy": 95.75456753617067,
          "actual_val_accuracy": 79.87261146496816,
          "sd_z": 2.7550477283208394,
          "final_sd_z": 2.676153722100675,
          "predicted_temperature": 205.8960743225345,
          "checkpoint": "/linxi/dataset/CV-DD/class_in_class/imagenette_early_teacher_trajectories/tseed44/models/c100_tseed44/checkpoints/epoch_149.pth",
          "teacher_view": "/linxi/dataset/CV-DD/class_in_class/imagenette_early_teacher_downstream/tseed44/teacher_views/c100_e150_e149"
        },
        {
          "teacher_seed": 44,
          "C": 100,
          "label": "e200",
          "training_epoch": 200,
          "checkpoint_epoch_index": 199,
          "epoch": 199,
          "actual_train_accuracy": 98.34195796810646,
          "actual_val_accuracy": 79.03184713375796,
          "sd_z": 2.7669077719570945,
          "final_sd_z": 2.676153722100675,
          "predicted_temperature": 206.78242427607495,
          "checkpoint": "/linxi/dataset/CV-DD/class_in_class/imagenette_early_teacher_trajectories/tseed44/models/c100_tseed44/checkpoints/epoch_199.pth",
          "teacher_view": "/linxi/dataset/CV-DD/class_in_class/imagenette_early_teacher_downstream/tseed44/teacher_views/c100_e200_e199"
        },
        {
          "teacher_seed": 44,
          "C": 100,
          "label": "e250",
          "training_epoch": 250,
          "checkpoint_epoch_index": 249,
          "epoch": 249,
          "actual_train_accuracy": 99.96831766818038,
          "actual_val_accuracy": 79.79617834394904,
          "sd_z": 2.821363748398462,
          "final_sd_z": 2.676153722100675,
          "predicted_temperature": 210.85214388834157,
          "checkpoint": "/linxi/dataset/CV-DD/class_in_class/imagenette_early_teacher_trajectories/tseed44/models/c100_tseed44/checkpoints/epoch_249.pth",
          "teacher_view": "/linxi/dataset/CV-DD/class_in_class/imagenette_early_teacher_downstream/tseed44/teacher_views/c100_e250_e249"
        },
        {
          "teacher_seed": 44,
          "C": 100,
          "label": "e300",
          "training_epoch": 300,
          "checkpoint_epoch_index": 299,
          "epoch": 299,
          "actual_train_accuracy": 100.0,
          "actual_val_accuracy": 80.48407643312102,
          "sd_z": 2.676153722100675,
          "final_sd_z": 2.676153722100675,
          "predicted_temperature": 200.0,
          "checkpoint": "/linxi/dataset/CV-DD/class_in_class/imagenette_early_teacher_trajectories/tseed44/models/c100_tseed44/checkpoints/epoch_299.pth",
          "teacher_view": "/linxi/dataset/CV-DD/class_in_class/imagenette_early_teacher_downstream/tseed44/teacher_views/c100_e300_e299"
        }
      ]
    }
  }
}
